District,Building Type,Rooms,Area,Floor,Renovation,Price
10,8,3,50,1,2,64000.0
2,5,2,70,3,1,150000.0
6,6,3,100,7,5,115000.0
6,6,1,45,1,2,67000.0
11,3,2,52,4,4,68000.0
6,6,1,45,2,4,62000.0
5,6,3,80,9,4,168000.0
5,8,1,31,4,5,80000.0
5,8,3,77,4,4,163000.0
0,8,2,48,4,5,66000.0
6,5,2,53,3,1,98000.0
2,8,1,31,4,2,80000.0
2,6,4,95,5,5,105000.0
0,6,2,62,13,2,79000.0
5,8,2,57,3,5,120000.0
3,5,3,117,5,2,229000.0
0,4,1,45,6,2,73000.0
10,8,3,78,3,2,104000.0
4,8,4,80,1,2,110000.0
6,6,3,74,8,5,82000.0
2,8,3,75,5,2,145000.0
2,8,2,32,1,2,65000.0
10,8,5,113,5,3,134000.0
10,8,1,32,1,3,45000.0
0,8,2,65,1,2,159642.0
10,8,2,60,3,2,67000.0
5,8,3,65,6,4,195000.0
10,8,2,33,2,2,60000.0
6,6,2,35,13,2,59000.0
11,6,1,32,1,2,42000.0
11,6,2,43,6,3,80000.0
11,6,1,32,1,5,42000.0
4,3,3,80,3,2,90000.0
2,8,3,78,3,2,114000.0
2,6,1,40,6,4,98000.0
4,6,4,82,6,4,85000.0
5,8,2,100,2,0,270000.0
4,6,3,80,1,2,93000.0
2,6,1,40,6,2,98000.0
2,5,3,83,5,2,250000.0
2,5,3,75,2,2,210000.0
6,6,3,73,1,2,132000.0
2,5,3,80,13,2,197000.0
2,8,3,52,2,0,118000.0
5,5,3,80,3,2,200000.0
8,5,2,56,2,2,120000.0
7,6,2,43,8,2,67000.0
11,5,2,60,6,2,110000.0
5,8,1,30,2,2,115000.0
10,8,5,130,3,2,250000.0
2,8,2,70,3,3,145000.0
7,6,2,45,8,2,65000.0
5,6,3,74,6,4,250000.0
1,5,2,53,12,1,65257.0
2,6,3,86,2,2,125000.0
11,6,2,70,3,5,80000.0
2,4,2,55,8,2,124500.0
2,8,3,79,1,2,150000.0
1,5,3,71,9,1,99132.0
11,6,3,61,5,2,90000.0
11,6,2,53,9,4,82000.0
5,8,2,56,3,2,160000.0
1,5,2,53,11,1,64000.0
1,5,2,59,4,1,71159.0
7,8,3,95,5,3,90000.0
11,8,1,48,5,2,80000.0
0,5,1,46,1,2,67000.0
3,6,2,54,4,4,77000.0
7,6,2,50,2,4,64000.0
5,6,3,80,16,5,155000.0
5,6,4,105,11,2,260000.0
2,8,2,42,2,2,90000.0
7,8,2,58,1,4,73000.0
6,6,3,90,3,3,90000.0
3,6,2,52,14,2,68000.0
2,8,2,54,5,2,95000.0
1,5,2,56,13,1,74414.0
6,5,2,52,7,1,64372.0
2,8,2,57,4,5,91000.0
2,6,2,45,3,4,75000.0
11,3,2,50,2,2,75000.0
10,6,1,25,6,2,32000.0
5,8,3,68,5,4,175000.0
1,5,2,47,11,1,60000.0
7,6,2,67,1,2,80000.0
5,6,2,42,4,2,85000.0
5,6,3,101,12,5,255000.0
3,4,3,63,2,2,135000.0
3,4,3,75,11,2,109000.0
2,5,2,46,2,1,105000.0
0,8,2,35,5,0,61000.0
0,6,1,42,2,5,58000.0
3,6,4,92,8,4,110000.0
3,7,3,82,5,2,105000.0
5,5,2,65,4,2,270000.0
10,8,2,63,2,3,85000.0
6,6,2,47,4,0,85000.0
2,8,2,48,2,2,98000.0
3,6,2,67,2,2,97000.0
5,6,2,68,10,5,136000.0
5,6,2,73,9,5,160000.0
5,6,3,72,9,2,222000.0
11,6,2,50,4,5,75000.0
7,6,2,54,3,4,75000.0
2,8,2,68,4,4,125000.0
7,1,3,81,4,5,90000.0
5,5,3,78,6,1,160000.0
11,8,3,69,4,3,110000.0
5,8,3,130,1,2,220000.0
7,6,2,47,7,2,67000.0
2,8,3,70,4,0,132000.0
3,5,3,74,14,2,170000.0
2,8,3,72,2,0,153000.0
2,8,3,78,3,0,160000.0
2,6,3,76,6,2,139000.0
2,5,3,78,3,0,185000.0
7,5,2,53,1,1,88000.0
5,8,2,63,2,5,150000.0
10,8,3,75,1,4,112000.0
7,5,3,53,3,2,82000.0
2,5,2,43,15,2,101000.0
2,8,1,43,2,2,97000.0
5,4,2,80,2,2,136000.0
2,8,3,57,2,3,110000.0
2,8,2,57,2,3,103000.0
11,4,2,66,7,0,175000.0
2,8,2,67,3,4,150000.0
2,8,3,63,3,2,155000.0
5,6,3,81,6,2,158000.0
11,8,3,80,5,2,97000.0
2,8,3,70,2,2,148000.0
10,8,1,45,3,4,67000.0
7,6,2,38,1,4,60000.0
5,8,2,57,3,2,240000.0
11,4,2,54,2,2,140000.0
11,6,2,73,9,0,125000.0
2,8,1,31,3,2,70000.0
7,6,2,42,8,2,64900.0
11,6,2,47,3,2,67000.0
11,8,2,69,4,3,115000.0
11,8,2,48,1,2,78000.0
11,6,2,54,5,2,88000.0
2,8,2,54,2,4,118000.0
2,8,3,65,3,2,125000.0
0,6,3,80,4,2,104000.0
2,6,2,61,6,4,95000.0
2,5,3,123,9,2,245000.0
6,8,3,70,4,2,130000.0
0,6,3,70,5,0,120000.0
0,4,3,94,13,3,93000.0
2,4,2,56,8,1,125500.0
11,4,2,65,2,2,100000.0
0,8,2,45,2,2,77000.0
2,8,2,54,2,2,112000.0
2,6,3,84,4,0,135000.0
2,6,2,40,2,2,85000.0
2,8,2,48,3,2,110000.0
1,6,3,84,6,0,115000.0
3,6,3,74,8,2,118000.0
11,6,3,94,1,4,110000.0
2,8,2,54,1,4,99000.0
11,6,2,50,8,2,88000.0
2,8,2,57,5,5,100000.0
2,6,2,65,8,2,112000.0
3,6,3,77,2,0,130000.0
2,5,2,60,8,1,105000.0
6,6,4,95,7,5,80000.0
2,5,2,66,3,2,135000.0
2,5,2,56,10,0,148000.0
0,5,2,42,4,1,57000.0
7,6,5,98,1,2,98000.0
6,6,1,46,8,4,67000.0
2,6,2,65,8,4,112000.0
6,5,2,58,3,0,138000.0
5,4,2,60,8,4,95270.0
0,8,1,30,4,4,51000.0
6,5,2,54,15,1,89000.0
5,5,3,65,3,0,220000.0
2,8,4,101,5,4,125000.0
5,6,3,71,2,2,120000.0
2,8,2,58,4,0,149000.0
2,6,1,34,6,4,73000.0
0,8,1,48,2,5,66000.0
4,6,3,74,7,4,84000.0
7,6,2,51,5,5,61500.0
5,5,1,36,4,2,80000.0
2,8,3,67,4,2,132000.0
1,5,3,84,5,1,117877.0
5,6,2,38,2,2,83000.0
1,5,2,57,3,2,87000.0
2,5,3,94,4,2,193000.0
6,6,3,67,2,2,120000.0
7,6,3,74,1,5,69000.0
2,6,2,72,6,2,135000.0
5,6,2,68,11,5,136000.0
6,6,2,48,9,3,61000.0
11,5,3,72,4,2,175000.0
5,6,2,40,8,4,80000.0
3,6,3,96,5,2,135000.0
2,5,3,83,6,2,205000.0
10,6,3,44,1,5,55000.0
2,8,2,53,3,4,87000.0
5,8,3,85,4,2,266000.0
2,6,3,82,9,4,160000.0
11,6,3,73,9,0,125000.0
11,8,3,78,2,2,110000.0
6,8,3,78,3,4,85000.0
11,6,3,74,2,0,95000.0
2,6,3,82,9,2,160000.0
6,5,2,68,7,0,177000.0
2,8,4,68,6,2,149000.0
11,6,3,65,2,2,160000.0
10,6,3,73,1,2,95000.0
3,5,4,100,10,2,145000.0
2,8,3,58,4,0,149000.0
5,6,2,40,7,2,127000.0
6,6,2,51,4,4,66000.0
2,6,3,74,5,4,150000.0
2,6,3,74,5,4,149342.0
11,8,2,55,5,0,145000.0
6,5,2,56,6,0,120000.0
6,8,2,45,3,0,79000.0
11,8,2,36,2,4,54000.0
10,4,3,72,2,2,175000.0
10,5,3,55,2,2,112007.0
4,4,3,72,2,5,76000.0
5,6,3,97,7,2,259000.0
6,5,3,100,17,2,205000.0
2,8,3,72,4,2,150000.0
2,8,1,42,4,0,87000.0
11,6,3,79,2,2,155000.0
11,6,3,76,9,2,150000.0
6,5,2,54,6,1,95000.0
7,6,2,63,2,4,79000.0
3,5,3,110,17,1,158000.0
5,6,3,79,5,4,175000.0
3,6,4,76,8,2,99000.0
7,6,3,90,3,4,105000.0
3,6,3,80,5,2,130000.0
6,8,1,30,3,2,60000.0
6,6,4,92,3,4,110000.0
11,6,2,43,2,2,80000.0
5,6,2,75,8,4,225000.0
3,5,3,73,11,2,109000.0
5,8,3,51,6,2,145000.0
11,8,2,55,4,0,149000.0
3,6,3,62,4,0,130000.0
5,5,2,65,2,1,165000.0
1,5,2,49,11,1,76808.0
11,6,3,73,4,2,96000.0
2,8,3,75,3,4,125000.0
2,8,3,84,3,5,135000.0
11,5,2,46,15,1,92000.0
5,6,3,73,7,2,138000.0
2,6,3,94,2,2,160000.0
5,6,2,49,13,2,88000.0
3,4,3,71,14,0,162000.0
5,5,2,54,7,2,240000.0
2,6,4,106,13,2,145000.0
3,5,2,41,6,2,123000.0
6,6,3,92,12,5,92000.0
2,8,3,80,4,2,210000.0
2,6,3,84,7,0,135000.0
5,8,2,55,1,2,105000.0
11,8,3,77,2,2,145000.0
0,8,2,37,2,2,69000.0
5,5,3,77,4,1,170000.0
11,6,2,52,1,2,74000.0
2,8,3,70,1,2,155000.0
5,6,2,43,9,4,75000.0
11,5,3,87,10,1,135000.0
4,8,3,73,3,2,93000.0
7,7,3,78,4,2,89000.0
5,8,2,59,5,2,123000.0
11,6,3,76,3,2,90000.0
2,8,2,68,2,2,195000.0
0,8,2,54,4,2,78000.0
7,6,3,77,7,4,89000.0
0,8,2,43,2,0,74500.0
0,8,1,37,2,2,69000.0
7,6,2,44,9,0,70000.0
11,8,2,32,4,0,80000.0
5,6,4,104,2,2,185000.0
2,8,2,30,1,2,50000.0
3,5,2,74,9,2,152000.0
3,4,3,74,16,0,152000.0
5,5,2,55,2,0,115000.0
2,5,3,80,2,2,245000.0
6,6,3,74,4,2,95000.0
3,6,3,96,4,4,115000.0
6,6,3,80,1,5,90000.0
2,8,3,82,4,2,165000.0
11,6,2,51,4,4,68000.0
2,5,3,82,5,2,220000.0
5,8,2,54,4,2,160000.0
2,5,3,96,10,2,193000.0
2,8,3,80,4,0,210000.0
3,6,2,51,6,2,77000.0
7,6,3,65,5,3,77000.0
2,8,1,43,2,2,83000.0
6,6,3,55,8,2,72000.0
6,6,3,56,7,2,82000.0
5,6,1,43,6,4,85000.0
2,8,2,41,4,2,89000.0
2,5,2,59,4,5,111000.0
5,6,1,38,8,4,110000.0
10,8,2,48,1,2,71000.0
11,6,3,75,2,2,105000.0
3,8,3,65,6,2,103000.0
11,8,3,59,3,2,85000.0
0,5,3,70,8,1,90000.0
1,6,2,54,4,4,75500.0
2,8,1,45,2,2,102000.0
7,6,4,94,6,2,102000.0
2,8,3,52,2,0,120500.0
2,8,2,53,1,0,88000.0
11,8,2,66,5,5,77000.0
0,5,2,65,7,1,120000.0
7,8,1,47,5,4,62000.0
2,8,3,95,1,2,169000.0
6,8,4,92,1,4,150000.0
5,5,2,56,9,1,128000.0
11,8,2,48,1,2,85000.0
5,5,1,36,4,0,80000.0
6,6,4,91,7,2,130000.0
10,8,3,50,2,2,68000.0
0,8,3,75,1,0,102000.0
1,6,2,54,4,2,75500.0
6,8,3,73,4,4,85000.0
3,6,1,56,7,4,82000.0
2,6,2,77,8,2,155000.0
10,8,2,60,1,4,77000.0
11,6,1,50,4,2,71000.0
2,8,3,78,3,2,117000.0
2,4,3,65,8,0,199000.0
10,5,2,43,5,2,92000.0
5,8,2,65,5,4,110000.0
4,8,2,42,4,4,65500.0
5,5,2,63,3,0,190000.0
0,6,4,69,6,2,92000.0
11,5,2,60,6,2,120000.0
2,6,2,73,12,5,102000.0
1,6,3,79,8,2,117000.0
6,8,3,67,1,2,85000.0
6,8,3,55,1,2,66000.0
5,8,3,70,2,2,255000.0
2,6,4,97,4,2,260000.0
2,5,2,42,15,2,102000.0
5,5,2,64,3,2,210000.0
0,5,2,71,10,2,110000.0
11,8,2,56,1,3,67000.0
10,6,2,38,1,5,41500.0
5,4,1,37,3,3,83000.0
7,6,2,62,2,4,80000.0
7,6,2,51,5,5,61000.0
7,6,2,52,1,3,67000.0
0,8,4,100,3,4,125000.0
5,8,3,77,4,5,195000.0
0,5,3,100,2,1,120000.0
0,5,3,67,2,1,118000.0
5,4,2,49,13,2,83500.0
5,8,3,93,6,2,260000.0
5,6,3,92,8,2,255000.0
3,4,2,72,12,0,125000.0
7,4,3,61,3,2,90000.0
11,6,3,65,10,0,129000.0
0,6,1,42,2,5,59000.0
2,8,2,50,1,4,61000.0
5,6,1,46,10,2,150000.0
2,6,2,43,3,5,71900.0
11,6,2,50,8,2,77000.0
8,9,2,33,2,3,45000.0
6,6,2,68,2,4,75000.0
2,4,2,44,4,2,105000.0
10,8,2,43,4,3,71000.0
2,8,3,78,3,4,140000.0
2,5,3,80,2,0,245000.0
0,8,2,49,1,3,53000.0
2,8,2,56,2,2,105000.0
2,8,2,59,5,2,124000.0
7,5,3,61,3,2,90000.0
2,8,2,85,2,2,149000.0
5,6,3,92,5,4,125000.0
11,6,2,65,1,0,100000.0
2,8,3,120,5,3,133000.0
3,5,3,117,5,0,230000.0
3,5,2,60,3,1,92000.0
3,6,2,35,7,2,65000.0
4,8,3,82,2,2,123000.0
3,6,2,63,11,3,84000.0
2,5,3,104,9,0,270000.0
11,3,2,50,1,2,75000.0
2,8,2,56,4,4,81500.0
11,5,3,74,5,1,128000.0
7,8,1,46,4,1,63500.0
2,5,3,80,13,1,154000.0
2,6,3,94,2,2,160000.0
2,6,2,63,2,2,155500.0
10,6,1,38,1,1,41500.0
2,6,3,76,6,0,139000.0
3,6,4,96,12,2,136000.0
7,5,2,83,3,2,86500.0
7,8,2,47,1,2,48000.0
2,6,3,100,13,0,180000.0
2,6,2,46,4,2,91000.0
7,5,3,74,12,2,165000.0
2,8,2,58,2,2,120000.0
3,6,3,74,6,2,117500.0
0,5,3,84,3,1,100000.0
6,5,2,52,13,1,115869.0
0,5,1,45,6,4,73000.0
3,4,3,92,8,2,145000.0
11,8,4,122,3,0,235000.0
5,1,2,56,4,2,231000.0
2,8,2,73,2,5,162000.0
11,8,5,120,1,4,138000.0
2,8,3,95,4,5,149000.0
5,6,3,95,7,2,245000.0
11,5,2,35,4,0,65000.0
7,6,4,90,3,4,103000.0
7,6,2,50,3,4,64500.0
2,8,3,84,2,2,180000.0
2,8,2,45,2,2,102000.0
5,5,3,73,3,0,260000.0
5,8,2,35,3,0,130000.0
2,5,3,63,8,0,200000.0
2,6,3,66,7,4,132000.0
2,4,3,115,20,2,204000.0
6,5,2,58,6,1,95000.0
11,6,2,68,8,2,102000.0
7,6,2,36,4,2,67000.0
1,6,1,45,9,2,76000.0
2,8,3,84,2,4,180000.0
3,6,3,80,5,2,130000.0
3,5,2,38,7,2,99000.0
11,5,2,47,6,2,113000.0
2,8,3,65,3,2,125000.0
3,5,3,74,12,2,165000.0
2,5,2,56,10,2,148000.0
11,6,3,64,2,4,82000.0
11,8,3,76,4,4,110000.0
10,8,4,100,1,2,113000.0
0,8,2,56,3,2,86000.0
11,8,1,29,4,5,63000.0
6,5,3,94,7,1,125000.0
5,6,3,74,2,5,194000.0
0,6,3,80,7,0,143000.0
5,5,2,55,8,1,262000.0
5,6,1,54,7,4,120000.0
7,6,5,98,1,2,98000.0
6,6,4,92,9,2,160000.0
5,8,2,65,4,4,145000.0
3,6,3,76,8,0,148000.0
0,6,3,64,12,2,83683.0
5,5,1,36,4,2,90000.0
3,6,2,67,3,2,105000.0
5,6,2,62,4,2,115000.0
2,8,3,75,2,2,159000.0
3,5,2,65,7,2,167000.0
2,5,1,42,6,1,90000.0
3,6,2,66,10,2,110000.0
11,6,1,32,2,4,52000.0
2,5,2,46,7,2,85000.0
5,5,2,52,8,1,122000.0
6,8,3,71,2,4,75000.0
2,8,1,43,5,2,88000.0
5,8,3,63,3,2,158000.0
1,8,2,60,5,2,70809.0
5,8,3,70,3,4,190000.0
6,6,2,38,13,2,59000.0
3,6,1,45,3,0,80000.0
0,6,3,63,3,2,96000.0
11,8,1,41,4,4,64000.0
11,5,2,56,3,2,121000.0
11,6,2,42,9,2,92000.0
5,8,2,74,4,5,210000.0
2,6,1,54,8,2,87000.0
2,8,2,38,4,0,108000.0
2,8,2,62,4,2,210000.0
7,6,2,67,1,2,80000.0
7,8,3,80,4,2,88000.0
1,5,2,57,2,1,87000.0
5,6,4,87,5,2,156000.0
2,6,2,53,9,0,150000.0
0,8,1,32,2,4,62000.0
3,6,2,55,9,2,84000.0
4,8,2,42,2,0,77000.0
7,8,2,47,1,2,51000.0
11,6,2,50,1,2,76000.0
0,5,2,56,14,1,78000.0
11,5,3,76,14,1,105000.0
5,6,3,87,5,2,156000.0
3,6,3,77,2,0,133000.0
10,8,3,50,5,0,98000.0
5,5,2,50,13,0,260000.0
10,6,4,90,2,2,149000.0
10,6,3,78,1,2,120000.0
2,8,2,74,4,2,150000.0
10,8,4,72,2,0,131500.0
0,8,3,105,2,2,137000.0
2,8,3,105,2,2,175000.0
0,6,4,104,7,2,120000.0
5,6,2,67,7,2,235000.0
2,5,2,59,2,1,102000.0
2,6,1,35,3,4,55000.0
3,6,3,72,4,2,153000.0
2,8,3,65,2,2,143000.0
5,5,2,51,5,0,215000.0
6,6,2,65,2,2,100420.0
2,8,2,56,3,4,100000.0
5,4,2,43,10,0,129000.0
6,8,3,65,2,2,142000.0
11,6,2,62,3,4,76500.0
7,5,2,53,1,2,88000.0
2,8,3,70,3,4,138000.0
2,6,3,81,1,2,155000.0
11,6,3,74,3,2,92000.0
11,5,2,55,5,2,111000.0
11,5,2,50,13,1,109000.0
10,8,2,65,2,2,141000.0
2,5,2,61,6,0,150000.0
5,6,3,120,6,2,190000.0
2,6,3,83,3,2,155000.0
2,5,3,84,5,2,220000.0
2,5,3,104,9,2,270000.0
2,5,1,38,4,1,72000.0
3,5,2,52,3,2,128000.0
5,5,2,73,12,1,165000.0
5,8,2,60,3,2,250000.0
7,6,3,70,7,0,83000.0
2,8,2,52,1,0,93000.0
4,8,3,93,5,2,110000.0
11,0,3,90,4,5,150000.0
5,6,3,67,8,0,138000.0
4,6,4,100,3,4,110000.0
2,8,4,95,1,4,153000.0
4,8,3,91,2,2,118000.0
2,5,3,76,7,0,220000.0
11,6,3,78,5,5,95000.0
2,8,2,57,4,2,140000.0
2,8,3,92,3,2,179000.0
2,8,3,70,3,4,160000.0
4,6,3,92,4,5,125000.0
3,5,3,68,9,2,202000.0
2,6,2,55,1,2,150000.0
5,6,3,89,3,4,173000.0
2,8,2,60,5,2,115000.0
11,8,3,78,2,2,110000.0
5,6,1,42,5,2,146000.0
7,8,3,79,4,5,88000.0
3,4,3,120,14,2,270000.0
2,6,2,52,7,2,90000.0
6,6,2,67,2,3,69000.0
2,8,2,56,2,2,140000.0
10,6,3,84,12,2,150000.0
2,8,2,45,5,2,98000.0
11,5,2,76,2,1,99000.0
11,6,3,100,8,2,120000.0
5,8,2,39,4,2,136000.0
2,8,3,97,5,4,138000.0
2,5,3,70,3,1,148000.0
2,8,3,57,2,2,139500.0
5,8,3,93,3,2,224500.0
0,6,2,62,14,0,85000.0
2,8,3,60,4,2,105000.0
6,5,4,110,4,0,255000.0
7,4,3,62,2,5,80000.0
2,6,3,84,7,2,143000.0
2,8,1,32,4,2,75000.0
3,6,2,52,14,2,70000.0
5,6,2,72,6,4,165000.0
5,5,3,120,1,5,180000.0
10,8,4,100,1,4,84000.0
6,8,3,77,1,4,110000.0
3,5,3,117,5,2,240000.0
7,6,2,71,7,2,83000.0
5,8,2,68,2,5,185000.0
6,6,3,89,9,4,88000.0
5,8,2,56,4,2,227000.0
10,5,3,56,6,2,125000.0
10,6,3,90,6,2,130000.0
0,8,3,78,4,0,125000.0
7,5,4,116,3,2,210000.0
2,8,4,83,2,4,143000.0
5,6,2,41,14,2,85000.0
2,6,3,95,14,2,169000.0
2,8,2,56,3,5,95000.0
10,6,2,62,9,2,83900.0
2,8,2,61,5,2,90000.0
2,8,3,78,3,2,125000.0
5,6,2,45,10,2,130000.0
3,6,1,54,4,2,85000.0
2,5,3,75,11,2,175000.0
2,6,3,86,8,2,135000.0
10,8,3,62,3,2,95000.0
5,6,3,77,10,2,185000.0
11,8,4,110,2,2,129000.0
5,5,2,56,14,2,139000.0
5,6,1,40,8,3,75000.0
1,5,2,48,4,1,72000.0
7,6,3,75,2,2,105000.0
2,8,2,56,4,2,142000.0
10,8,4,130,5,2,162000.0
2,8,3,57,2,0,139500.0
2,6,3,50,6,2,117000.0
10,6,2,50,3,2,93000.0
10,6,3,90,11,2,115000.0
2,5,2,60,7,1,105000.0
0,6,2,62,13,0,79500.0
8,5,3,51,1,2,93000.0
5,6,2,48,4,2,165000.0
2,6,2,41,3,2,103000.0
5,8,2,50,2,2,230000.0
0,6,4,116,1,2,139000.0
5,6,2,47,10,2,133000.0
2,8,3,78,5,4,119000.0
2,8,3,93,5,2,160000.0
4,8,3,46,1,2,78000.0
2,8,2,68,3,2,151000.0
2,5,2,41,6,0,110000.0
3,5,3,117,5,2,229000.0
10,8,2,42,4,2,80600.0
3,5,3,110,2,0,240000.0
2,8,3,92,3,2,174000.0
2,5,2,65,15,0,225000.0
2,8,3,83,3,4,162000.0
10,6,3,80,8,0,149000.0
10,6,4,110,8,2,160000.0
11,8,1,31,2,2,63500.0
1,5,2,55,5,1,84000.0
2,8,1,42,4,5,70000.0
7,5,3,57,3,2,105000.0
7,6,2,63,12,5,70000.0
2,8,2,56,4,2,87000.0
2,6,3,70,7,2,160000.0
2,6,2,65,8,4,112000.0
2,6,3,80,10,4,127000.0
7,6,2,68,3,4,82000.0
2,6,4,86,5,4,155000.0
2,5,3,115,20,0,203414.0
5,8,2,52,2,5,215000.0
6,6,2,50,3,2,70000.0
5,5,3,87,5,2,179000.0
5,5,2,53,4,2,220000.0
1,6,3,79,2,4,115000.0
2,6,3,78,11,2,144000.0
3,6,4,99,10,2,133000.0
2,5,2,125,17,1,239000.0
3,6,3,78,2,4,112000.0
2,6,2,68,6,4,108500.0
10,6,3,98,1,4,110000.0
11,6,1,46,2,4,78500.0
1,6,1,41,8,4,67000.0
6,4,4,124,13,2,203000.0
2,6,1,45,3,2,85000.0
2,6,2,65,8,2,112000.0
2,5,2,57,5,1,130000.0
3,5,3,72,12,2,122000.0
11,8,3,69,4,2,112000.0
2,0,2,44,4,2,105000.0
6,5,4,124,13,2,203000.0
11,4,2,72,4,2,149000.0
5,5,3,74,6,1,160000.0
0,8,1,40,2,0,83500.0
10,6,2,55,4,4,82000.0
7,6,3,80,6,5,80000.0
3,5,3,74,5,2,150000.0
7,5,3,94,3,5,87133.0
5,6,3,68,7,2,225000.0
2,5,2,59,9,0,170000.0
2,8,2,71,3,4,125000.0
3,5,2,65,7,2,169000.0
6,4,2,51,2,1,97000.0
5,4,3,70,12,2,158000.0
10,8,3,84,1,3,100000.0
10,8,3,70,5,0,104000.0
7,6,3,65,3,2,89000.0
10,6,2,50,3,2,85000.0
2,5,2,70,1,2,117000.0
7,8,2,47,1,2,53000.0
5,6,1,41,14,0,85000.0
0,8,3,78,5,2,120000.0
1,5,2,57,11,5,58066.0
2,8,3,73,5,0,200000.0
2,8,2,62,4,0,149000.0
11,1,3,78,2,2,110000.0
4,8,2,50,2,3,85000.0
2,4,2,85,4,0,175000.0
7,5,2,60,10,1,76000.0
2,6,1,40,3,4,78500.0
2,5,3,78,13,1,143000.0
2,8,2,57,3,5,102000.0
3,6,4,92,8,4,110000.0
2,6,3,90,12,2,175000.0
3,5,3,110,10,0,204000.0
2,6,3,74,9,0,180000.0
6,6,1,44,3,4,66000.0
2,5,4,94,12,1,160000.0
5,5,2,52,10,2,120000.0
11,8,2,66,5,3,75000.0
3,6,4,92,8,2,110000.0
10,9,4,72,2,2,131500.0
5,8,3,76,1,0,114000.0
2,8,2,51,2,1,92000.0
11,5,3,105,11,2,205000.0
5,5,2,54,4,2,120000.0
10,8,4,95,2,2,110000.0
11,5,3,98,4,1,167000.0
5,6,2,44,8,4,105000.0
5,5,2,56,7,1,152676.0
2,4,2,70,3,1,175000.0
7,6,3,56,4,2,80000.0
5,6,3,70,7,0,165000.0
0,8,1,30,3,2,55000.0
5,6,2,80,8,4,190000.0
7,8,3,76,1,2,90000.0
3,6,2,36,11,2,68000.0
10,8,3,91,3,2,159000.0
10,8,4,80,3,2,128000.0
11,8,3,60,4,2,117000.0
11,4,3,107,3,2,210000.0
7,6,3,93,12,4,88000.0
5,6,2,80,2,2,136000.0
2,5,3,78,4,0,170000.0
2,5,2,94,11,0,270000.0
3,4,3,66,11,2,103000.0
2,8,3,80,2,0,186000.0
5,8,2,78,2,5,255000.0
7,8,2,47,1,2,59000.0
0,8,1,30,2,4,45000.0
10,6,1,42,8,2,65000.0
7,5,3,86,10,3,95000.0
4,8,2,60,2,5,76500.0
4,6,3,93,7,2,120000.0
4,8,2,60,2,2,86000.0
7,6,3,60,2,2,90000.0
0,6,2,52,11,2,80000.0
2,8,4,103,4,4,200000.0
2,8,3,85,1,2,175000.0
5,8,2,51,6,0,153000.0
11,6,3,65,2,2,160000.0
3,5,3,68,9,0,215000.0
2,8,3,70,4,2,135000.0
2,5,2,59,11,0,150000.0
11,5,4,125,9,0,255000.0
6,8,3,57,3,0,92000.0
2,5,2,69,6,1,138000.0
2,4,2,61,6,2,150000.0
2,6,4,82,6,2,185000.0
3,5,3,70,11,0,163000.0
2,8,3,93,2,5,175000.0
3,5,3,83,4,1,163000.0
2,8,3,60,3,3,90000.0
11,5,3,107,3,0,209000.0
2,6,3,76,9,2,123000.0
7,8,3,53,2,2,129000.0
2,8,3,70,5,5,104000.0
2,5,2,73,5,0,235000.0
11,6,3,94,7,2,162000.0
7,8,3,80,1,3,83000.0
7,5,3,57,4,0,148000.0
3,6,3,78,2,2,112000.0
10,5,1,31,12,0,85000.0
10,8,3,75,3,4,117000.0
11,5,2,60,11,1,137000.0
2,5,3,90,6,1,175000.0
3,6,3,73,8,2,108000.0
4,8,1,32,2,2,60000.0
7,8,3,79,5,4,90000.0
2,6,4,101,3,4,165000.0
0,4,3,98,5,2,115000.0
3,5,3,74,14,0,170000.0
6,5,2,54,6,1,95000.0
3,5,3,74,6,1,110000.0
2,8,1,27,4,2,85000.0
5,5,3,75,3,2,250000.0
0,6,2,41,9,2,69000.0
7,6,2,60,5,4,70000.0
10,6,2,61,8,4,109000.0
3,5,2,75,8,0,164000.0
7,6,2,56,1,4,66000.0
5,8,2,36,2,2,155000.0
2,6,3,70,1,4,115000.0
7,6,3,78,7,4,85000.0
0,8,2,50,4,5,68000.0
6,6,4,85,2,2,164000.0
2,7,4,102,9,2,172000.0
0,6,3,92,8,5,91000.0
2,8,2,55,3,4,103000.0
3,5,3,80,11,0,170000.0
2,5,2,73,5,0,200000.0
0,4,2,45,5,1,69632.0
7,3,3,71,1,4,120000.0
7,8,3,93,1,4,100000.0
5,5,1,37,4,0,107000.0
5,4,1,36,6,2,100000.0
5,8,3,72,5,2,117000.0
6,5,2,71,4,2,125000.0
1,5,4,130,17,1,155000.0
7,6,3,72,6,0,85000.0
0,8,4,90,3,2,148500.0
0,5,4,126,5,1,260000.0
2,8,2,55,4,4,95000.0
11,8,3,84,5,2,128000.0
0,8,2,38,4,4,65000.0
0,5,4,126,5,0,260000.0
2,6,3,70,1,3,115000.0
2,8,1,48,7,2,115000.0
0,5,2,42,5,2,76500.0
2,8,1,43,2,2,97000.0
2,5,2,45,2,2,122000.0
11,6,3,94,3,4,140000.0
0,6,2,40,11,2,220000.0
2,5,2,45,2,0,140000.0
6,8,4,98,5,5,110000.0
5,5,2,66,3,2,180000.0
2,8,2,32,1,3,70000.0
2,6,4,70,6,2,168500.0
6,6,3,78,14,4,96000.0
4,6,3,73,3,2,135000.0
2,8,3,80,2,0,167000.0
3,5,3,105,7,2,153000.0
2,5,3,118,4,2,262000.0
2,6,5,82,15,2,126000.0
11,6,2,70,2,2,133000.0
3,6,3,78,2,0,142000.0
3,6,2,67,2,4,100000.0
11,6,2,70,2,0,133000.0
2,8,2,60,2,4,125000.0
2,6,4,90,9,3,150000.0
3,6,2,65,6,2,106000.0
5,8,2,45,3,2,73000.0
7,9,1,34,5,0,60000.0
11,5,3,115,10,0,255000.0
11,6,2,40,2,2,61896.0
2,5,2,70,1,2,120000.0
2,5,2,59,11,2,150000.0
5,8,1,36,3,2,150000.0
2,5,2,45,2,2,128000.0
0,8,2,53,4,5,69500.0
2,6,3,90,12,0,135000.0
7,8,3,78,5,2,90000.0
2,8,3,80,1,5,175000.0
10,8,2,42,4,3,75000.0
5,6,2,50,12,2,180000.0
5,5,2,68,3,2,182000.0
10,8,2,48,5,3,69000.0
7,6,3,78,1,2,80000.0
5,6,3,73,7,2,140000.0
0,8,1,28,2,2,64000.0
3,5,3,90,7,2,200000.0
5,8,3,90,1,2,220000.0
7,6,2,36,1,0,62000.0
7,6,1,30,1,3,58000.0
7,8,2,57,5,2,88000.0
7,6,2,65,5,4,85000.0
6,6,2,65,9,2,92000.0
6,6,2,35,13,2,59000.0
11,6,1,33,2,5,46000.0
6,6,1,42,6,5,71000.0
7,8,3,57,4,2,92000.0
2,4,3,75,3,2,210000.0
5,8,2,90,4,2,270000.0
11,6,3,93,8,2,165000.0
2,8,3,45,5,0,93000.0
2,6,3,70,8,0,145000.0
7,8,3,65,5,2,82000.0
2,6,3,60,3,0,140000.0
5,6,2,40,8,3,80000.0
5,1,3,85,1,2,220000.0
7,6,3,74,9,2,120000.0
5,6,2,69,7,0,185000.0
7,6,1,40,2,5,53000.0
7,6,2,30,1,0,57000.0
7,8,3,79,5,5,95000.0
2,8,1,48,3,5,94000.0
2,8,2,70,2,2,150000.0
2,8,3,90,6,2,258000.0
5,5,2,53,7,2,225000.0
5,6,3,50,3,2,135000.0
11,5,2,65,14,0,133000.0
5,5,2,51,6,0,230000.0
7,8,1,43,1,3,58000.0
7,5,2,46,6,0,99000.0
2,5,3,65,5,2,150000.0
3,5,3,68,9,2,215000.0
3,6,3,74,7,2,137000.0
0,6,3,80,4,2,105000.0
3,6,3,78,3,3,115000.0
7,6,4,74,5,2,87000.0
7,5,2,74,3,0,170000.0
7,6,3,64,5,4,75000.0
5,6,1,49,13,2,83300.0
2,6,3,72,6,2,135000.0
11,8,3,78,2,0,110000.0
7,8,4,65,3,2,74000.0
4,6,4,80,1,5,67000.0
4,8,3,78,1,5,95000.0
0,5,3,65,12,0,185000.0
7,8,3,80,5,1,76230.0
5,6,1,40,6,5,83000.0
2,5,1,50,3,0,120000.0
7,6,3,63,4,4,86000.0
7,5,2,53,1,1,77000.0
2,8,3,70,5,2,128000.0
2,6,4,90,13,2,173000.0
2,5,2,65,15,2,225000.0
2,5,3,73,4,2,245000.0
2,6,4,82,10,2,165000.0
2,6,3,74,4,0,170000.0
2,6,3,88,6,0,180000.0
2,8,1,36,4,4,108000.0
11,5,2,68,7,1,157500.0
3,6,2,67,3,2,107000.0
5,8,2,30,2,2,115000.0
0,6,3,98,12,4,95000.0
7,8,3,68,1,3,85000.0
11,6,2,35,4,2,74000.0
2,8,1,35,1,0,125000.0
2,6,2,46,4,0,122000.0
0,5,2,57,14,1,78000.0
2,6,3,84,13,4,110000.0
2,8,2,65,9,5,90000.0
0,5,4,95,9,0,250000.0
7,5,2,55,2,0,150000.0
11,4,3,97,7,1,142000.0
7,6,3,73,7,4,85000.0
5,5,3,66,3,2,180000.0
5,5,2,56,13,0,139000.0
5,6,1,42,12,2,88000.0
6,6,1,50,3,2,71000.0
2,8,3,95,5,2,185000.0
2,6,3,75,3,2,165000.0
2,6,3,86,8,4,135000.0
2,8,2,58,1,3,90000.0
2,8,3,80,2,0,188000.0
7,6,1,37,2,3,57000.0
11,5,2,70,13,0,242000.0
10,8,2,45,2,4,72000.0
3,6,2,54,4,2,80000.0
3,6,3,74,8,2,118000.0
11,6,3,83,10,0,135000.0
2,8,3,103,2,2,175000.0
5,8,3,74,5,0,195000.0
2,8,3,52,2,2,120000.0
5,8,3,85,4,2,260000.0
6,6,3,68,10,3,92000.0
2,8,2,62,4,0,130000.0
0,5,1,47,10,2,82000.0
5,6,3,105,11,2,260000.0
5,8,3,67,3,0,229000.0
5,6,2,50,2,2,107000.0
0,5,2,60,7,0,139000.0
0,5,3,77,3,4,129000.0
7,6,3,64,4,3,78000.0
5,5,2,58,3,2,138000.0
3,7,4,120,9,2,165000.0
5,4,2,54,9,2,198000.0
8,5,3,51,1,2,97000.0
6,6,1,48,3,4,59000.0
0,5,3,58,3,0,129000.0
2,8,3,72,2,0,153000.0
3,5,3,117,5,0,235000.0
2,8,2,52,2,0,120000.0
0,8,2,48,2,4,62999.0
6,5,1,47,4,2,75000.0
5,8,2,52,3,0,240000.0
11,5,2,55,4,2,135000.0
0,8,2,60,1,2,82527.0
1,8,2,58,2,2,77000.0
7,3,2,50,2,4,67000.0
10,7,2,50,5,2,78000.0
10,6,3,89,3,2,120000.0
7,5,3,80,2,1,125000.0
3,5,3,110,14,2,215000.0
5,5,2,37,4,0,107000.0
5,6,3,80,3,2,182000.0
0,6,1,23,5,2,46000.0
7,6,3,96,7,4,92000.0
5,6,1,43,5,2,127000.0
6,6,2,48,9,3,62000.0
5,5,1,30,2,0,82000.0
6,8,2,78,2,2,120000.0
11,5,3,65,6,2,146000.0
0,4,2,41,9,2,69000.0
4,8,3,75,2,2,120000.0
2,8,2,58,1,4,90000.0
0,6,3,80,4,0,106000.0
0,8,3,72,5,2,103000.0
5,6,2,56,8,3,102000.0
5,6,2,80,1,2,136000.0
3,6,2,36,11,2,72000.0
11,8,3,84,5,0,128000.0
2,8,4,95,3,5,140000.0
5,6,3,98,8,2,163500.0
0,5,1,43,2,4,78000.0
2,8,2,57,3,3,105000.0
3,5,3,75,11,2,109000.0
2,5,3,96,7,1,180529.0
3,6,3,82,5,2,105000.0
3,5,3,74,14,0,175000.0
3,6,3,85,5,2,105000.0
10,6,3,72,3,2,90000.0
3,6,3,65,6,2,106000.0
2,6,2,64,7,4,105000.0
5,6,2,40,8,3,76000.0
2,8,4,100,3,4,140000.0
0,8,3,62,2,2,230000.0
2,5,3,80,5,0,179000.0
2,5,4,125,9,2,235000.0
11,5,3,65,6,0,146000.0
11,6,3,100,10,4,125000.0
5,8,2,51,6,2,153000.0
0,6,3,86,8,3,94000.0
0,6,4,85,3,2,92000.0
5,8,3,51,6,0,153000.0
5,5,2,56,13,2,139000.0
4,8,5,100,1,0,140000.0
3,5,3,63,2,2,135000.0
6,8,2,45,3,2,80000.0
6,4,3,83,7,2,133000.0
2,8,2,50,5,0,100000.0
6,6,2,50,1,2,78000.0
2,8,3,90,4,0,255000.0
0,6,2,60,13,4,71500.0
5,8,3,76,1,2,120000.0
11,6,2,51,2,2,70000.0
7,6,2,78,5,2,80000.0
11,6,1,32,2,4,48000.0
10,8,3,57,3,4,87000.0
4,6,4,88,3,4,87000.0
4,6,3,79,5,4,82000.0
10,8,2,57,2,5,37000.0
2,8,3,99,4,2,155000.0
0,6,2,62,15,2,87000.0
0,5,2,70,8,1,95000.0
2,5,2,61,5,0,177000.0
7,8,3,65,3,2,105000.0
5,8,2,65,3,0,240000.0
3,6,3,78,13,2,120000.0
5,6,2,69,7,2,185000.0
6,6,3,70,2,5,82000.0
2,6,2,43,6,4,95000.0
5,6,2,40,8,4,80000.0
2,6,2,75,12,4,120000.0
2,8,3,85,4,2,165000.0
5,8,2,40,2,2,155000.0
10,8,2,45,4,2,117000.0
2,6,2,49,4,2,93000.0
7,5,3,75,3,0,144000.0
3,5,3,74,18,0,190000.0
0,5,2,61,4,3,87000.0
0,6,3,83,2,3,96000.0
2,8,3,70,4,2,132000.0
3,6,4,94,9,2,135000.0
2,5,3,83,2,2,175000.0
5,8,1,36,3,0,125000.0
2,6,3,94,7,4,142000.0
7,8,3,78,4,3,102000.0
2,8,2,73,2,5,172000.0
2,5,2,61,2,1,116000.0
2,8,3,82,4,4,155000.0
11,6,2,67,5,5,95000.0
0,6,4,91,13,5,90000.0
6,5,3,100,16,0,259000.0
3,5,2,74,18,1,130000.0
0,5,1,41,2,2,78000.0
7,6,1,34,3,0,63000.0
0,5,2,45,4,0,120000.0
0,6,2,58,1,5,90000.0
2,5,3,83,10,1,230000.0
2,6,3,75,12,4,120000.0
5,6,2,74,2,5,194000.0
5,6,2,61,6,0,175000.0
2,5,4,96,3,0,240000.0
5,5,2,55,12,0,184000.0
10,6,2,54,1,2,75000.0
5,6,3,80,7,3,205000.0
10,8,2,43,1,2,64000.0
2,5,3,62,2,0,190000.0
10,8,2,57,4,5,64000.0
1,5,2,51,2,2,85000.0
5,8,3,81,3,0,270000.0
6,8,3,57,3,2,93000.0
2,8,2,70,2,4,155000.0
2,5,4,96,3,2,245000.0
0,8,2,60,4,2,85000.0
11,5,2,64,16,0,185000.0
5,5,3,78,6,1,160000.0
2,8,2,73,4,4,135000.0
0,6,3,57,3,2,85000.0
3,5,2,52,15,1,95000.0
2,8,2,54,2,4,102000.0
10,6,1,40,5,2,70000.0
10,8,2,45,5,2,75000.0
2,8,3,110,3,0,250000.0
6,4,3,101,16,2,190000.0
7,6,4,71,12,2,80000.0
6,6,2,51,5,3,76000.0
2,6,4,129,13,2,170000.0
6,8,5,115,1,2,125000.0
1,6,3,80,6,2,95000.0
10,4,2,56,2,2,90000.0
2,8,2,50,5,2,98000.0
5,8,3,69,2,0,195000.0
2,8,2,64,2,3,110000.0
0,5,2,47,10,0,83500.0
5,6,2,70,3,0,230000.0
5,6,2,60,9,4,94000.0
5,5,3,94,10,2,257000.0
2,8,2,88,5,4,160000.0
0,5,2,45,4,2,120000.0
2,8,2,35,2,0,125000.0
7,8,3,75,4,5,90000.0
7,3,1,37,2,4,65500.0
6,6,3,80,2,2,125000.0
7,5,2,54,3,2,90000.0
5,6,2,49,13,2,84000.0
2,4,2,60,2,0,148000.0
2,5,3,62,2,2,190000.0
2,8,3,67,1,0,125000.0
1,6,2,62,9,3,85000.0
5,4,3,80,7,4,205000.0
1,8,1,41,3,3,63000.0
10,8,2,40,2,3,40000.0
2,8,3,74,5,4,180000.0
2,8,1,44,5,5,95000.0
2,5,3,59,4,0,155000.0
2,8,3,74,5,2,180000.0
5,6,2,73,9,2,222000.0
1,5,2,33,1,0,61000.0
0,6,3,79,15,2,110000.0
6,6,3,80,1,2,92843.0
11,5,3,115,5,0,220000.0
0,5,2,58,7,2,97000.0
5,6,2,43,9,2,75000.0
2,5,3,85,2,0,211000.0
2,4,3,88,2,0,185000.0
7,6,2,35,3,2,63000.0
5,6,2,67,6,2,125000.0
5,6,3,80,8,0,185000.0
5,8,1,31,3,2,110000.0
0,8,4,70,2,3,92000.0
3,5,2,83,3,2,160000.0
3,7,3,74,18,2,190000.0
7,6,2,71,2,2,75000.0
7,6,2,54,4,2,75000.0
0,7,3,70,12,2,90000.0
6,6,2,50,6,2,73000.0
2,8,1,43,4,3,80000.0
11,6,2,70,3,4,80000.0
2,5,2,60,2,2,148000.0
2,6,3,82,3,2,170000.0
2,8,2,48,7,4,109000.0
0,5,2,64,1,2,97000.0
2,8,3,78,7,0,142000.0
0,6,3,64,3,2,92000.0
5,6,1,43,3,5,81000.0
7,6,2,65,2,3,83000.0
2,5,4,125,6,2,270000.0
0,6,3,80,10,3,82000.0
4,8,2,70,4,4,72000.0
7,6,4,75,5,2,88000.0
3,6,2,55,9,2,85000.0
8,8,3,51,1,2,97000.0
7,5,3,87,5,1,103543.0
7,5,3,76,5,1,94391.0
7,5,2,48,5,1,63791.0
1,5,3,84,4,1,117785.0
0,5,1,44,12,2,71500.0
10,6,4,108,9,2,144000.0
3,5,2,72,10,0,200000.0
6,5,2,66,2,2,138000.0
1,6,2,67,9,5,73000.0
11,6,4,100,10,2,129000.0
11,8,4,106,2,2,119000.0
1,6,2,52,5,0,85000.0
4,8,2,49,2,0,85000.0
2,8,3,80,2,0,173000.0
5,5,3,55,5,0,270000.0
8,5,2,33,3,2,120000.0
6,6,3,78,3,5,86000.0
11,5,2,64,3,0,170000.0
2,8,2,54,5,4,83500.0
0,8,1,40,2,2,83500.0
10,8,1,40,2,5,73000.0
1,8,3,73,1,4,93000.0
10,8,3,74,1,5,70000.0
11,5,3,86,4,1,135000.0
2,6,2,46,4,2,122000.0
2,5,3,101,10,0,270000.0
2,8,4,92,3,4,163000.0
5,6,2,48,1,2,120000.0
2,6,2,75,5,0,155000.0
11,5,2,48,8,0,126370.0
2,8,3,66,5,0,135000.0
11,5,2,56,3,0,118000.0
1,8,3,79,5,2,120000.0
2,6,2,32,6,3,75000.0
0,8,1,48,2,5,64000.0
7,6,2,60,4,4,85000.0
11,6,1,33,5,5,52000.0
0,5,2,56,8,2,140000.0
0,6,2,64,2,4,76000.0
0,5,2,56,8,0,140000.0
0,6,4,120,3,2,110000.0
5,1,2,80,10,5,205000.0
5,6,2,40,10,2,129000.0
7,8,3,76,5,3,80000.0
1,6,3,77,8,2,88000.0
0,6,3,83,16,2,110000.0
5,8,3,80,4,4,199000.0
2,6,3,91,9,2,168000.0
2,5,2,43,5,2,117000.0
7,5,4,107,5,1,126795.0
3,6,3,93,2,5,124000.0
2,8,2,50,5,2,110000.0
4,6,3,73,9,2,94000.0
0,6,2,65,9,4,80000.0
2,6,2,80,7,5,120000.0
3,6,3,79,7,0,153000.0
6,6,3,82,7,4,90000.0
2,8,2,45,5,0,98000.0
10,5,2,60,6,1,132000.0
4,8,2,42,2,0,75000.0
11,5,2,64,3,2,170000.0
2,6,3,61,6,5,95000.0
3,5,2,74,12,0,155000.0
2,6,3,61,6,0,95000.0
7,5,3,75,3,2,144000.0
5,8,3,75,4,4,220000.0
5,8,3,109,4,4,240000.0
2,8,2,35,3,2,130000.0
2,8,2,37,3,2,110000.0
7,6,3,80,6,2,85000.0
2,6,2,61,6,4,95000.0
0,5,2,50,11,1,90000.0
2,5,3,80,14,0,219000.0
2,5,2,68,15,0,180000.0
6,6,3,78,3,3,85000.0
2,6,2,72,2,2,123000.0
2,8,3,65,2,0,143000.0
2,8,3,72,1,2,155000.0
2,5,3,61,14,0,194000.0
5,5,2,62,6,2,186000.0
6,5,2,70,9,0,150000.0
5,8,1,27,2,5,90000.0
2,8,1,48,2,4,79500.0
10,5,2,44,10,2,91000.0
6,5,2,59,8,1,105000.0
4,8,2,60,5,3,89000.0
2,8,3,83,2,4,177000.0
0,8,1,30,2,4,61000.0
2,8,2,56,4,4,100000.0
0,4,2,78,12,2,91000.0
7,6,3,65,5,5,72000.0
2,8,4,96,1,4,130000.0
7,5,2,55,5,1,71360.0
2,8,2,68,4,2,144000.0
10,6,1,31,2,4,45000.0
0,5,3,52,12,0,185000.0
0,5,4,129,11,1,225000.0
3,6,3,74,8,2,140000.0
2,8,4,96,1,3,130000.0
6,6,3,81,6,2,107000.0
2,6,4,129,13,4,170000.0
3,5,2,74,9,0,170000.0
7,8,3,44,1,2,67000.0
0,6,3,83,6,3,100000.0
2,5,2,46,12,0,140000.0
11,6,3,80,10,3,95000.0
5,8,2,66,5,4,135000.0
10,5,2,45,10,2,90000.0
2,5,4,130,9,2,260000.0
4,4,3,66,9,5,85000.0
0,8,1,48,2,5,66000.0
10,8,4,114,1,3,155000.0
5,8,3,84,1,2,222000.0
2,6,3,79,12,2,95000.0
0,6,3,80,4,0,104000.0
7,8,2,52,2,2,85000.0
1,8,3,68,5,2,100000.0
5,6,2,75,8,4,225000.0
3,6,4,92,7,5,120000.0
5,8,2,56,4,3,90000.0
5,5,3,89,4,0,225000.0
2,8,1,30,3,2,80000.0
5,4,1,36,4,2,80000.0
11,6,3,76,8,2,115000.0
2,5,3,80,3,2,202000.0
2,8,4,103,4,2,200000.0
1,6,3,78,8,4,88000.0
6,6,2,65,2,2,96712.0
11,8,3,98,2,4,130000.0
11,6,2,65,1,2,95000.0
6,5,2,51,3,1,92843.0
2,5,3,69,14,2,190000.0
2,8,3,68,2,2,135000.0
11,6,3,73,2,0,95000.0
2,5,3,61,14,2,194000.0
11,6,3,83,10,2,133000.0
7,6,3,76,7,2,85000.0
2,8,2,59,3,3,107000.0
2,8,3,68,3,5,177000.0
7,3,2,56,4,2,79000.0
7,6,2,50,2,4,65000.0
0,6,3,65,3,2,96000.0
3,5,2,70,15,0,155000.0
0,5,3,83,13,0,182000.0
11,6,3,74,3,4,89000.0
0,5,2,60,7,0,148000.0
5,8,2,36,5,3,74000.0
5,6,3,82,4,2,150000.0
7,8,4,86,5,4,120000.0
0,6,3,85,2,2,140000.0
2,8,2,69,1,4,82000.0
6,6,2,64,8,4,84000.0
2,8,4,116,1,2,145000.0
2,8,2,67,5,4,102000.0
1,6,3,85,14,0,105000.0
2,6,2,39,2,0,102000.0
6,5,3,73,15,2,148000.0
2,5,3,103,9,1,210000.0
3,5,4,105,14,0,220000.0
2,8,3,68,2,3,135000.0
6,6,1,45,4,5,60000.0
1,6,1,73,6,2,86000.0
10,8,4,75,3,3,95000.0
10,6,2,60,6,2,90000.0
7,6,3,78,6,2,95000.0
5,8,3,54,4,2,115000.0
7,6,4,87,3,3,97000.0
5,6,2,55,5,3,125000.0
2,8,3,95,5,5,155000.0
11,8,2,61,3,5,85000.0
11,5,2,50,7,2,110000.0
5,6,2,49,13,4,88000.0
6,6,3,96,7,3,90000.0
6,6,2,54,5,3,68000.0
7,6,3,85,9,3,120000.0
5,5,2,33,7,0,128000.0
2,5,2,43,15,2,98000.0
2,6,2,73,9,4,112000.0
0,6,3,80,6,2,98000.0
2,8,3,76,4,2,149000.0
2,8,3,83,2,4,145000.0
2,8,3,74,5,4,110000.0
3,6,3,78,13,3,120000.0
2,5,3,65,1,2,140000.0
3,6,3,67,1,0,120000.0
11,6,3,96,10,1,125000.0
11,6,3,74,3,2,90000.0
2,8,3,66,5,2,135000.0
5,8,2,45,3,2,95000.0
10,8,2,60,1,2,82000.0
0,4,4,120,10,0,240000.0
3,5,3,110,18,0,265000.0
2,8,2,59,3,4,107000.0
5,6,1,40,2,2,132000.0
5,5,3,86,5,1,200000.0
5,6,1,43,3,4,81000.0
2,8,2,55,5,2,130000.0
7,6,1,44,1,3,67000.0
7,6,1,40,2,1,51500.0
2,6,4,95,12,2,170000.0
1,6,2,54,7,2,80000.0
10,6,3,79,1,3,94500.0
1,6,2,40,8,0,70000.0
2,6,3,65,3,2,120000.0
3,6,3,85,13,0,157000.0
6,6,3,92,7,4,90000.0
0,5,4,120,10,2,240000.0
3,5,2,52,15,1,88000.0
2,5,2,77,15,0,175000.0
2,6,3,90,2,4,145000.0
5,5,3,89,4,2,225000.0
2,6,3,90,2,5,145000.0
5,6,2,40,6,3,85000.0
2,6,4,89,5,4,150000.0
5,1,2,75,8,2,225000.0
0,5,4,130,6,1,175000.0
11,6,2,46,4,2,83000.0
0,4,2,64,2,3,85000.0
2,5,3,84,3,0,200000.0
6,6,2,45,7,2,86000.0
6,6,3,80,4,3,88000.0
7,8,1,48,3,4,65000.0
11,8,1,35,4,4,67000.0
2,5,4,121,14,2,272000.0
6,8,3,75,4,2,95000.0
2,8,2,43,4,0,155000.0
3,5,2,46,10,1,85000.0
2,8,2,56,3,4,115000.0
2,8,4,109,3,2,180000.0
2,8,2,70,2,2,120000.0
5,6,2,51,4,4,132000.0
2,8,2,73,4,5,135000.0
2,8,2,60,4,2,105000.0
0,6,2,40,11,0,60000.0
3,5,3,74,9,0,154000.0
3,5,3,72,1,0,143000.0
6,8,1,30,1,2,59000.0
11,6,2,50,8,4,77000.0
0,8,1,48,4,4,64000.0
2,6,2,47,4,2,117000.0
1,5,4,118,7,1,160309.0
2,8,2,59,3,2,107000.0
6,6,3,56,8,5,75000.0
11,5,4,94,4,2,220000.0
2,6,3,70,7,0,165000.0
2,5,4,94,12,2,200000.0
2,8,3,71,3,0,148000.0
1,6,2,42,8,0,70000.0
2,8,3,82,4,5,113475.0
5,6,2,43,9,4,75000.0
5,6,3,88,3,2,265000.0
10,8,4,75,1,4,95000.0
2,4,2,63,4,0,200000.0
2,5,3,80,15,0,200000.0
2,6,2,58,2,5,99000.0
7,4,3,75,3,0,145000.0
2,8,2,74,5,2,112000.0
11,8,1,40,3,2,67000.0
7,6,3,76,6,2,85000.0
11,5,3,110,2,2,210000.0
5,8,2,58,4,2,166000.0
10,8,3,72,2,0,131000.0
0,6,2,44,2,3,68000.0
5,5,2,51,7,2,165000.0
5,8,2,60,5,4,168000.0
10,8,4,84,3,2,120000.0
2,5,4,120,2,0,270000.0
11,8,3,110,2,2,139000.0
6,8,1,30,4,5,50000.0
3,5,3,76,4,2,190000.0
2,8,2,48,4,0,150000.0
3,7,3,60,1,2,85000.0
3,5,2,52,14,1,120000.0
6,5,3,100,15,2,159000.0
0,5,2,55,3,1,90000.0
2,8,4,95,3,4,140000.0
10,8,1,32,3,5,47000.0
6,5,2,70,9,2,150000.0
7,8,2,65,5,4,81000.0
7,8,3,74,5,4,85000.0
0,6,3,92,8,4,94000.0
1,6,3,55,2,0,105000.0
7,8,2,52,4,2,85000.0
2,5,4,127,7,2,265000.0
2,5,2,59,10,2,135000.0
3,6,3,73,7,5,110000.0
2,5,2,45,7,0,158607.0
11,6,3,93,8,0,155000.0
2,8,2,60,4,2,127000.0
5,6,2,47,10,0,133000.0
3,5,2,65,14,0,153000.0
7,6,3,72,7,0,83000.0
5,6,1,52,8,2,105000.0
7,5,2,55,2,2,150000.0
2,5,2,59,5,0,150000.0
2,4,3,80,11,2,189000.0
2,5,1,42,16,1,87000.0
2,8,2,88,5,2,160000.0
11,6,1,32,2,4,46000.0
2,5,2,55,8,2,122000.0
5,5,2,53,14,0,190000.0
6,7,1,40,9,2,61000.0
2,8,3,67,5,2,115000.0
5,8,2,63,2,3,150000.0
7,8,2,48,1,3,68000.0
7,3,2,50,4,2,95000.0
2,8,3,71,5,0,132000.0
10,8,2,54,4,5,70000.0
0,5,2,58,4,0,125000.0
7,6,1,40,2,3,51500.0
0,5,1,44,12,2,70000.0
0,8,3,93,8,5,105000.0
2,6,4,89,5,4,143000.0
6,6,3,97,2,3,110000.0
7,8,4,92,4,5,96000.0
6,6,4,86,8,2,125000.0
0,6,3,81,11,2,112000.0
0,6,3,57,3,2,86000.0
10,8,2,45,2,2,70000.0
5,7,2,68,3,2,182000.0
5,5,2,68,3,0,182000.0
2,8,2,43,2,0,127000.0
5,8,1,30,4,5,77000.0
2,6,1,43,6,4,73000.0
6,8,4,94,3,3,101000.0
7,6,3,70,6,3,92000.0
10,6,3,68,7,3,82000.0
5,6,1,46,2,5,80000.0
10,8,2,70,2,5,93000.0
5,5,2,53,4,0,230000.0
3,8,2,50,4,3,68000.0
6,8,3,111,5,3,105000.0
2,5,2,66,3,2,135000.0
11,8,2,43,4,2,150000.0
5,5,2,53,12,2,188000.0
2,6,4,94,4,4,150000.0
5,8,1,30,4,4,77000.0
2,6,4,94,4,3,150000.0
2,5,3,94,14,0,270000.0
5,8,2,85,1,4,182000.0
2,6,1,54,8,2,89000.0
2,5,3,80,15,2,200000.0
3,5,3,72,1,2,143000.0
2,8,2,74,2,2,125000.0
5,5,2,48,8,0,264000.0
1,6,3,78,9,2,88000.0
5,8,2,40,3,0,155000.0
2,6,3,62,9,2,88000.0
10,8,3,62,2,2,90000.0
2,5,4,127,7,2,270000.0
10,6,1,54,7,5,77500.0
7,5,3,96,12,2,199000.0
10,8,3,55,2,4,87000.0
2,6,1,44,6,4,85000.0
7,8,2,29,4,2,33527.0
7,6,1,41,11,3,56000.0
5,6,3,67,1,2,90000.0
5,6,3,80,3,2,186000.0
0,6,2,58,7,2,100000.0
2,6,2,44,8,2,100000.0
7,6,2,47,7,2,67000.0
5,6,2,68,6,2,140000.0
2,8,2,45,5,2,100000.0
2,8,3,104,3,4,185000.0
10,8,2,50,2,2,95000.0
5,6,2,43,5,0,127000.0
1,6,3,76,4,2,95000.0
6,6,3,72,8,2,90000.0
7,6,3,78,2,2,92000.0
3,6,2,69,3,4,100000.0
11,5,2,48,8,2,126000.0
2,8,3,66,5,0,143000.0
5,6,3,83,10,2,165000.0
11,5,2,56,3,2,118000.0
2,8,2,43,4,2,155000.0
2,5,3,65,16,2,182000.0
10,6,3,78,8,4,103000.0
10,6,1,45,8,2,67000.0
5,8,3,77,4,4,205000.0
2,8,2,54,4,2,110000.0
1,5,3,85,4,0,160000.0
2,4,3,61,1,0,199000.0
5,8,2,45,1,3,115000.0
3,5,2,63,4,1,139000.0
7,5,4,96,12,2,199000.0
0,5,3,66,9,1,93000.0
2,8,3,45,5,2,100000.0
0,6,3,58,7,4,100000.0
2,6,2,48,1,4,77000.0
6,5,2,63,6,1,117000.0
6,6,3,80,4,2,88000.0
2,8,2,48,2,2,155000.0
2,5,3,59,2,2,145000.0
2,5,3,59,2,0,145000.0
11,6,2,65,1,4,96500.0
5,7,3,96,14,2,260000.0
3,5,2,75,8,0,170000.0
7,6,3,61,4,4,113000.0
5,8,3,83,2,2,260000.0
5,5,2,51,7,0,165000.0
2,5,2,59,12,2,180000.0
9,9,3,100,1,4,120000.0
2,8,2,68,4,0,144000.0
5,6,1,40,4,5,120000.0
7,6,1,40,5,0,66000.0
2,5,4,95,14,1,163000.0
3,5,3,70,11,0,160000.0
7,6,1,54,4,5,60000.0
0,8,3,77,3,2,109000.0
7,6,4,100,8,2,92000.0
0,6,3,80,4,0,105500.0
4,6,3,92,7,2,115000.0
11,5,3,118,10,0,255000.0
2,8,2,57,3,2,136000.0
6,7,4,126,10,2,255000.0
7,8,3,75,5,4,82000.0
2,6,2,55,1,0,143000.0
2,5,2,63,4,2,200000.0
5,6,3,72,7,2,210000.0
0,5,2,60,11,1,84000.0
3,5,4,120,9,2,165000.0
11,6,4,80,2,0,108000.0
0,5,3,80,12,1,110500.0
2,8,2,36,5,1,80000.0
7,8,1,42,5,2,66500.0
2,5,3,102,10,2,220000.0
4,6,2,66,9,5,85000.0
3,6,3,74,7,4,118000.0
2,8,3,78,3,4,118000.0
0,8,3,67,3,2,133000.0
2,8,3,93,6,2,177000.0
2,8,3,76,5,2,150000.0
11,6,3,68,6,2,115000.0
6,6,3,62,11,0,117000.0
2,8,4,87,4,0,255000.0
7,7,3,54,1,2,80000.0
4,8,2,48,3,2,75000.0
1,6,2,45,4,3,65000.0
7,8,3,80,3,0,125000.0
10,5,2,41,11,0,92000.0
7,6,4,88,9,2,135000.0
2,8,1,70,5,2,128000.0
5,8,2,54,4,5,127000.0
3,4,2,38,7,0,99000.0
7,6,4,71,12,2,79000.0
2,8,4,120,1,2,215000.0
6,6,3,97,11,4,130000.0
2,5,3,65,16,0,182000.0
2,8,3,76,4,2,156000.0
2,8,3,104,3,2,185000.0
2,8,3,78,4,0,125000.0
2,8,2,60,5,4,109000.0
2,8,3,76,4,0,156000.0
4,6,3,80,2,2,150000.0
2,5,2,62,9,0,209000.0
4,8,2,63,5,5,75000.0
2,8,1,30,4,2,72000.0
11,6,3,67,4,2,103000.0
2,8,2,41,3,2,87000.0
7,6,4,77,4,2,129000.0
7,8,2,50,3,3,65000.0
7,5,3,86,10,2,96000.0
7,8,2,55,5,4,75000.0
7,8,2,65,3,4,80000.0
0,6,3,80,3,3,96000.0
11,8,1,41,4,4,67000.0
4,8,4,120,1,0,90000.0
2,6,1,32,6,4,75000.0
3,5,3,58,2,2,98000.0
11,6,2,32,2,0,65000.0
2,5,2,52,2,0,122000.0
11,1,1,50,5,4,57000.0
10,6,3,72,8,2,86000.0
5,0,2,60,4,2,250000.0
2,8,3,78,5,2,140000.0
7,6,2,66,1,2,71000.0
10,6,3,90,9,4,87000.0
3,4,1,34,2,0,79000.0
2,6,3,83,6,4,160000.0
2,6,3,104,6,4,170000.0
2,6,3,105,8,2,185000.0
6,6,3,68,9,2,89000.0
6,6,3,96,14,2,172720.0
3,5,3,87,6,2,140000.0
3,5,3,71,14,0,162000.0
2,6,3,67,3,2,115000.0
11,6,1,30,2,4,50000.0
4,8,1,30,2,2,56500.0
6,8,1,48,5,4,72000.0
7,5,2,46,6,2,77000.0
11,6,2,36,2,4,65000.0
7,6,3,78,6,2,85000.0
7,3,3,64,2,2,99000.0
11,6,1,33,2,4,50500.0
10,8,3,86,5,3,102000.0
1,6,2,63,2,4,77000.0
10,8,2,70,1,5,78000.0
2,5,2,47,10,2,133000.0
2,8,2,58,3,2,135000.0
5,6,1,54,7,5,110000.0
5,8,2,46,3,2,112000.0
7,6,3,84,8,3,200000.0
7,4,2,51,3,2,73000.0
7,4,3,65,3,2,82000.0
11,6,1,33,2,4,51000.0
0,8,1,30,4,2,51000.0
6,6,4,100,9,3,120000.0
10,6,2,48,3,3,75000.0
7,6,3,77,4,4,85000.0
2,8,3,68,4,2,122000.0
2,8,2,41,4,2,101000.0
2,5,3,64,8,0,205000.0
6,6,4,96,9,3,150000.0
5,8,1,25,3,2,77500.0
11,8,1,44,4,5,83000.0
6,6,3,100,5,2,139000.0
2,6,3,82,6,2,155000.0
7,6,4,115,2,2,125000.0
7,6,2,52,4,5,64000.0
4,8,4,92,5,2,105000.0
2,5,2,61,6,2,166000.0
11,6,2,59,4,2,82000.0
5,6,3,92,8,4,113000.0
6,5,3,79,17,2,164987.0
5,5,2,55,1,2,200000.0
1,6,1,43,8,4,61000.0
10,8,1,32,1,5,45000.0
5,8,3,55,5,2,122000.0
2,8,1,27,3,2,79000.0
1,6,2,98,8,3,85000.0
4,6,2,60,4,4,68000.0
2,6,3,79,12,2,134000.0
11,6,3,68,8,2,107000.0
2,5,3,60,2,2,148000.0
10,8,3,78,5,4,118000.0
5,4,2,56,5,0,165000.0
5,7,2,49,12,0,135000.0
7,8,3,51,3,3,76034.0
2,8,2,56,5,2,103000.0
2,5,3,88,7,2,230000.0
2,5,3,83,2,4,170000.0
0,5,4,120,10,0,254000.0
6,8,4,60,3,4,83000.0
0,5,3,88,4,2,175000.0
5,6,3,90,5,2,230000.0
1,6,3,86,12,4,90000.0
2,8,4,80,5,2,125000.0
0,8,3,89,3,4,109000.0
2,8,3,86,2,4,180000.0
6,6,2,55,8,0,70000.0
2,8,2,50,5,5,70000.0
2,5,3,84,2,2,235000.0
11,5,2,59,9,2,152000.0
2,6,4,105,13,4,148000.0
6,8,3,80,5,2,100000.0
2,8,3,75,5,0,145000.0
0,8,2,45,5,2,72000.0
5,8,1,34,2,0,111000.0
2,6,3,55,4,2,115000.0
2,8,3,75,3,2,240000.0
6,6,1,41,6,5,72000.0
9,9,3,57,1,2,67000.0
0,6,3,100,8,2,140000.0
7,8,1,48,5,2,70000.0
10,5,2,45,10,2,99000.0
7,6,3,82,6,3,88000.0
4,6,3,57,8,3,72776.0
2,8,2,51,5,2,128000.0
5,6,3,72,6,4,209000.0
10,6,5,91,1,2,135000.0
10,6,3,70,9,2,98000.0
7,4,3,65,5,2,95000.0
2,8,1,39,5,2,118000.0
7,8,3,68,3,2,107000.0
7,6,4,95,8,3,84000.0
2,5,2,61,2,2,165000.0
2,8,2,50,1,0,93000.0
7,8,2,57,1,4,77000.0
7,8,3,75,5,4,87000.0
10,6,2,60,6,3,93000.0
5,6,3,92,7,5,165000.0
2,8,1,41,4,0,100000.0
1,6,1,36,5,2,59000.0
6,9,3,73,14,5,144000.0
10,6,1,37,2,2,53000.0
4,8,3,65,1,3,96000.0
6,6,3,80,1,5,83000.0
6,6,3,97,9,3,110000.0
0,5,1,45,6,2,77000.0
11,6,3,85,6,4,133000.0
0,8,1,37,4,2,55000.0
2,5,4,96,9,5,149000.0
6,8,2,60,1,2,75000.0
3,6,3,74,6,2,117000.0
1,6,2,55,6,2,85000.0
2,6,3,55,4,0,105000.0
5,5,2,60,6,1,145000.0
4,4,3,65,11,3,77000.0
2,8,3,80,2,2,149900.0
2,5,2,45,3,5,78500.0
11,5,2,67,8,1,139000.0
11,8,3,64,4,2,120000.0
7,5,3,78,5,2,115000.0
2,5,2,60,2,1,102000.0
5,5,2,69,9,2,203000.0
0,5,3,71,2,0,206000.0
0,5,2,62,1,2,95000.0
5,6,1,40,8,2,92327.0
2,6,2,43,9,2,86876.0
10,8,3,90,2,2,165000.0
7,6,2,50,5,2,67000.0
7,6,1,46,3,3,56000.0
2,6,2,67,5,3,70000.0
5,8,4,81,4,3,150000.0
11,5,2,70,12,2,200000.0
5,8,1,37,5,4,70000.0
10,8,3,80,1,2,92000.0
6,6,2,65,3,5,77000.0
2,5,2,36,1,2,65000.0
2,8,3,74,5,4,230000.0
0,8,1,31,4,2,49999.0
5,6,3,93,13,2,175000.0
6,6,1,46,8,2,72000.0
2,6,3,66,7,2,132000.0
3,5,3,80,11,2,180000.0
2,5,1,35,12,1,67000.0
10,8,3,74,4,5,97000.0
4,8,3,80,3,2,110000.0
2,8,2,54,2,2,112000.0
2,8,3,70,4,0,135000.0
2,6,3,87,6,2,168000.0
5,8,2,58,5,2,185000.0
4,6,3,71,7,0,95000.0
10,6,1,47,7,4,70000.0
3,6,3,90,13,2,140000.0
10,8,4,85,1,3,112000.0
5,6,1,40,4,2,120000.0
5,5,2,53,10,2,160000.0
2,8,2,57,2,2,110000.0
2,8,2,60,1,2,133000.0
2,6,3,78,6,4,155000.0
7,8,1,34,2,4,53000.0
1,6,2,51,2,2,78000.0
10,6,1,32,3,5,47500.0
6,6,3,96,8,2,110000.0
6,6,3,85,4,2,105000.0
2,5,3,80,5,2,189000.0
1,6,2,64,8,4,86000.0
6,8,1,33,3,5,56000.0
11,6,2,50,8,2,83000.0
5,5,3,87,5,4,179000.0
6,6,2,53,1,2,76000.0
10,6,1,42,9,2,63000.0
2,6,3,78,3,2,147000.0
2,6,3,82,12,2,168000.0
0,6,1,30,4,2,51000.0
2,8,4,97,2,5,210000.0
10,8,2,95,3,5,89000.0
11,5,3,74,7,2,185000.0
6,8,3,78,5,4,95000.0
11,8,3,87,5,4,100000.0
3,5,4,105,14,0,210000.0
10,8,3,82,2,5,115000.0
2,8,3,76,5,5,115000.0
5,8,3,75,2,0,195000.0
4,8,4,92,5,2,128000.0
3,5,2,52,10,1,89000.0
2,6,3,80,7,4,150000.0
6,6,3,73,5,3,100000.0
6,6,3,80,8,3,105000.0
2,6,3,55,1,2,92000.0
2,8,1,36,1,4,83000.0
4,8,1,30,2,2,56000.0
2,7,3,75,3,2,240000.0
2,8,3,74,2,2,155000.0
7,6,4,94,7,2,112000.0
2,6,2,67,5,5,99000.0
1,6,4,90,7,3,130000.0
7,6,3,66,7,2,82000.0
5,8,3,59,3,0,214000.0
11,6,1,54,6,3,70000.0
7,6,2,54,9,2,67000.0
11,6,2,67,9,2,85000.0
3,5,2,57,10,0,150000.0
2,6,4,105,8,2,200000.0
7,6,3,78,5,2,135000.0
6,6,3,96,7,2,210000.0
0,8,2,37,1,4,60000.0
5,6,2,50,4,0,95000.0
6,8,4,100,5,3,115000.0
5,8,2,77,3,5,165000.0
5,5,2,69,3,2,210000.0
2,6,2,55,4,2,115000.0
2,8,1,47,4,5,85000.0
0,8,3,71,3,2,90000.0
3,6,3,76,6,2,117000.0
11,5,2,70,10,0,169000.0
7,6,2,52,1,2,69000.0
6,5,2,54,6,1,99000.0
0,8,1,30,2,4,53000.0
3,5,3,74,16,0,150000.0
2,5,3,74,2,0,240000.0
7,6,3,79,7,5,86000.0
5,4,2,51,1,0,160000.0
7,6,2,63,8,3,75000.0
7,6,2,66,2,4,95000.0
2,8,2,61,5,4,120000.0
0,5,2,65,8,1,90000.0
10,8,3,80,2,2,78000.0
5,8,2,63,2,4,155000.0
7,6,3,71,12,2,81000.0
10,8,3,72,4,5,73000.0
11,6,3,78,10,2,119000.0
0,5,2,60,6,0,90000.0
11,6,2,67,1,3,75000.0
5,6,3,94,8,4,113000.0
7,6,1,50,1,4,64500.0
10,8,3,60,3,4,78000.0
11,6,3,90,1,4,120000.0
2,5,3,85,4,0,260000.0
0,5,1,47,5,0,86000.0
2,8,1,36,2,3,75000.0
7,8,2,46,1,3,55000.0
5,1,1,35,2,0,113500.0
2,5,5,89,1,1,185000.0
6,9,3,84,2,2,82000.0
1,6,2,54,2,2,84000.0
5,8,2,53,5,5,172000.0
5,8,1,37,1,2,110000.0
5,5,2,65,3,2,185000.0
2,8,2,73,4,5,145000.0
7,6,2,74,3,4,180000.0
0,8,3,72,3,5,102000.0
5,6,2,67,10,2,140000.0
0,6,3,106,12,5,92000.0
4,6,5,82,6,4,86000.0
0,5,2,60,5,5,89000.0
7,6,3,90,2,2,120000.0
2,8,4,107,3,2,200000.0
6,8,3,77,4,4,125000.0
3,6,2,41,3,2,68000.0
1,6,3,80,1,2,115000.0
7,6,3,57,8,2,69000.0
7,6,2,51,5,4,71500.0
2,6,3,107,12,2,185000.0
10,6,3,90,3,2,150000.0
3,6,3,75,2,2,130000.0
0,8,3,76,3,2,125000.0
4,6,3,75,1,4,79000.0
0,6,3,76,11,3,102000.0
6,6,2,54,13,2,82000.0
2,5,2,72,5,0,207000.0
7,6,2,50,5,2,77000.0
2,6,2,35,12,2,71000.0
1,6,4,85,2,4,100000.0
3,6,2,67,3,0,105000.0
0,6,2,61,11,4,79000.0
0,8,1,30,2,4,52000.0
5,4,3,81,7,3,187000.0
5,6,2,42,8,4,94000.0
5,5,1,37,4,2,115000.0
10,6,3,72,3,2,95000.0
10,8,2,55,2,3,88000.0
2,5,3,62,7,2,150000.0
2,8,3,65,2,4,110000.0
2,6,3,70,1,3,125000.0
0,5,4,89,1,0,120000.0
10,8,4,118,1,2,120000.0
10,8,4,68,3,3,86000.0
2,8,2,54,2,4,125000.0
2,5,4,119,3,3,185000.0
7,6,2,54,3,3,72000.0
2,6,3,95,8,0,255000.0
2,6,3,94,3,4,147000.0
1,6,2,60,3,3,72000.0
10,5,2,59,7,5,99000.0
7,6,3,78,9,3,83000.0
10,8,3,78,1,4,73000.0
7,6,1,40,7,2,67000.0
5,6,1,40,11,2,85000.0
7,8,3,54,5,2,72000.0
0,6,3,80,3,4,87000.0
0,8,1,35,4,4,62000.0
2,8,2,54,2,4,124000.0
0,8,3,70,3,4,85000.0
3,6,3,98,9,2,143000.0
0,6,2,80,13,2,85000.0
6,8,4,105,3,3,88000.0
2,6,3,85,5,4,130000.0
2,5,2,55,8,2,133000.0
7,6,1,38,5,4,46000.0
5,6,2,85,5,4,169000.0
10,8,1,35,4,2,75000.0
11,8,3,63,3,4,95000.0
5,5,3,67,3,0,265000.0
2,8,3,79,5,5,127000.0
5,5,2,74,10,5,165000.0
2,8,3,92,4,2,260000.0
7,3,2,52,1,4,63000.0
3,5,3,74,14,1,110000.0
6,6,2,46,9,2,77000.0
11,5,2,68,6,0,199000.0
6,8,2,60,3,4,79000.0
0,4,3,83,13,0,190000.0
3,6,3,97,2,2,135000.0
5,6,1,39,9,5,72000.0
2,5,2,42,16,1,88000.0
1,6,2,67,8,4,85000.0
2,5,2,65,10,0,160000.0
11,6,1,54,6,4,71500.0
1,6,2,63,8,2,84000.0
2,8,2,67,2,4,105000.0
10,6,1,33,3,3,51000.0
11,6,3,90,2,3,93000.0
6,6,4,72,2,2,130000.0
0,8,2,56,2,1,88000.0
4,6,2,60,8,2,70000.0
2,8,2,46,2,2,118000.0
5,8,2,36,5,3,70000.0
3,6,3,75,7,2,125000.0
6,3,4,87,6,2,120000.0
2,6,3,91,9,5,150000.0
4,8,1,30,2,4,56500.0
3,5,3,80,10,1,154675.0
2,4,3,67,1,3,145000.0
1,6,4,105,6,2,145000.0
2,6,3,55,4,2,109000.0
6,5,3,72,14,5,147000.0
7,5,2,61,2,0,105000.0
2,8,1,43,5,4,76000.0
2,6,2,43,14,2,79500.0
2,8,2,33,5,2,79000.0
6,6,2,57,6,3,66000.0
6,6,2,67,3,5,77000.0
6,4,3,65,10,3,85000.0
10,6,3,57,2,3,85000.0
2,5,3,100,14,1,224279.0
2,8,2,60,1,2,112000.0
7,6,3,53,4,5,65000.0
1,8,2,59,5,3,79000.0
10,5,2,62,3,0,137000.0
5,6,4,85,15,0,220000.0
2,8,1,42,4,2,74500.0
10,8,3,74,1,2,92000.0
11,5,4,96,9,1,155000.0
7,8,2,57,5,2,89000.0
4,8,2,56,2,4,84500.0
9,8,3,78,1,5,74000.0
3,4,2,77,15,1,112000.0
4,6,2,43,8,2,56000.0
2,6,3,74,3,2,250000.0
3,6,2,45,4,4,92000.0
5,6,3,77,2,4,220000.0
4,6,3,50,3,0,67500.0
2,6,5,100,6,4,194000.0
6,6,3,77,3,3,86000.0
8,8,3,60,1,2,82000.0
7,6,2,56,4,3,80000.0
3,5,3,84,3,2,160000.0
6,6,3,68,9,2,86000.0
6,6,3,70,1,2,76000.0
10,8,3,75,4,4,82000.0
10,6,2,68,10,2,84000.0
11,6,3,67,1,3,71000.0
2,5,3,75,5,1,138000.0
3,5,3,71,14,2,164000.0
5,6,3,92,8,4,115000.0
2,5,2,59,5,0,159000.0
5,6,2,70,3,0,225000.0
2,6,2,54,1,2,103000.0
2,6,2,72,6,5,130000.0
0,8,1,32,4,4,51000.0
2,4,2,60,2,1,105000.0
0,8,1,33,4,2,51000.0
2,8,1,30,4,4,95000.0
3,6,3,72,3,2,143000.0
0,5,2,55,2,0,120000.0
5,6,3,73,9,4,140000.0
6,8,2,57,5,2,80000.0
0,5,2,50,5,2,88000.0
7,6,4,68,2,4,85000.0
7,6,3,74,1,3,82000.0
10,6,3,81,3,2,125000.0
5,6,3,70,8,0,130000.0
5,5,3,75,8,2,265000.0
3,6,4,115,7,3,205000.0
1,6,3,43,9,3,60000.0
6,6,4,85,9,4,100000.0
10,6,1,30,1,5,45500.0
6,5,2,59,11,0,117000.0
7,6,2,65,1,4,170000.0
7,8,2,56,4,2,89000.0
7,8,4,94,5,4,140000.0
6,8,1,46,1,5,68500.0
5,8,2,42,3,2,150000.0
0,8,1,32,3,2,56000.0
11,6,2,55,2,4,64900.0
3,6,2,56,6,4,85000.0
1,8,2,40,4,2,67000.0
7,8,4,93,5,3,115000.0
5,8,1,37,3,2,163500.0
3,4,3,116,5,2,266000.0
10,8,3,104,5,3,115000.0
2,8,3,78,3,2,147000.0
1,8,3,81,5,2,120000.0
1,5,3,78,3,2,165000.0
0,5,1,40,3,4,76500.0
7,6,3,78,5,2,115000.0
10,8,3,75,3,3,95000.0
7,4,4,81,2,2,125000.0
11,4,3,90,8,5,102000.0
2,5,2,59,14,2,120000.0
2,8,2,46,4,5,82000.0
6,6,2,65,2,3,82000.0
2,8,3,77,5,4,110000.0
7,4,2,61,11,5,79000.0
7,4,2,64,11,5,80000.0
2,6,2,50,9,2,96000.0
7,8,3,79,2,1,110000.0
5,8,2,58,4,2,250000.0
2,8,2,68,2,5,125000.0
10,8,2,47,4,0,87000.0
10,6,2,38,1,5,43500.0
2,8,2,50,2,4,72000.0
10,8,3,57,4,0,73500.0
11,5,3,63,3,1,114000.0
6,6,1,46,3,4,57000.0
3,6,3,97,2,4,120000.0
1,6,3,90,1,2,108000.0
7,8,2,55,4,4,87000.0
11,6,3,63,2,5,78500.0
0,8,2,48,5,4,75000.0
2,6,2,44,4,2,85000.0
7,6,3,76,1,3,75000.0
0,6,3,76,3,2,125000.0
2,5,3,72,15,2,126318.0
7,6,2,52,4,3,66000.0
7,6,2,61,4,4,72000.0
2,8,3,78,1,4,106000.0
6,8,1,44,3,1,63000.0
3,6,3,98,2,0,178000.0
7,6,1,32,2,4,49500.0
7,6,3,75,5,2,87000.0
1,6,3,83,9,2,96000.0
3,6,2,66,10,2,133000.0
1,6,1,36,9,4,54000.0
2,6,3,96,9,2,150000.0
4,8,1,35,4,4,56000.0
5,5,2,46,7,2,255000.0
7,6,4,100,5,2,125000.0
11,6,3,90,3,2,150000.0
2,8,2,45,7,2,136000.0
2,6,3,90,1,0,133000.0
7,8,2,63,4,5,83000.0
11,5,2,50,14,5,115000.0
2,8,1,44,4,5,70000.0
2,8,2,65,4,2,122000.0
5,5,2,70,3,2,210000.0
11,6,1,32,3,2,57000.0
4,8,4,92,2,3,82000.0
2,6,3,89,4,2,159000.0
5,6,3,80,3,2,195000.0
5,6,2,42,7,3,90000.0
2,8,2,46,7,4,72000.0
3,5,2,65,13,2,175000.0
2,5,2,61,2,2,226857.0
7,5,1,36,5,1,46600.0
11,6,2,50,8,5,65000.0
2,8,3,110,3,0,255000.0
2,6,3,65,3,3,138000.0
2,8,2,74,2,2,140000.0
2,5,3,61,7,0,152000.0
11,5,2,56,6,1,115000.0
10,8,4,50,5,2,75000.0
10,8,3,65,4,2,98000.0
6,6,3,58,10,2,70000.0
7,6,2,55,3,2,95000.0
10,6,2,38,1,1,44000.0
0,8,3,70,2,4,86000.0
5,6,2,38,8,2,120000.0
2,8,2,73,5,4,153000.0
2,8,1,39,4,0,85000.0
2,8,2,64,5,5,81500.0
0,8,2,34,5,0,68000.0
5,8,3,105,5,0,262000.0
4,6,3,72,9,4,81000.0
2,6,3,80,7,2,153000.0
4,6,2,45,3,5,66000.0
0,6,2,65,4,4,74500.0
1,6,3,101,3,2,133000.0
0,8,1,30,4,4,51000.0
7,8,2,48,1,4,72000.0
7,6,2,67,9,2,80000.0
4,6,2,55,4,2,77000.0
11,8,1,32,2,2,53000.0
6,6,2,82,9,3,110000.0
3,6,1,54,6,5,75000.0
5,8,2,65,4,0,240000.0
7,6,3,76,6,2,86000.0
2,5,2,60,2,1,105000.0
7,6,3,76,1,2,80000.0
7,8,3,65,3,3,84000.0
6,8,1,44,3,5,56000.0
3,1,2,41,3,2,70000.0
2,5,3,96,9,5,148000.0
11,6,4,79,1,2,112500.0
3,5,3,72,4,1,110000.0
6,6,2,65,8,2,80000.0
6,6,4,120,16,2,97000.0
3,6,3,67,14,2,86000.0
7,6,3,74,9,3,78000.0
3,6,2,41,3,2,72000.0
3,5,4,109,3,0,255000.0
4,8,3,50,5,2,83000.0
11,5,4,125,12,2,235000.0
1,8,2,58,3,5,72000.0
0,8,1,30,4,4,52000.0
2,6,4,86,5,2,170000.0
7,5,2,60,2,2,85000.0
9,8,4,97,5,5,81000.0
2,8,3,63,5,2,149000.0
11,6,2,50,8,2,98000.0
1,6,2,62,6,4,85000.0
10,8,3,75,2,2,100000.0
5,5,1,35,14,2,84000.0
10,8,3,68,3,0,100000.0
10,8,3,78,2,4,125000.0
1,6,2,56,6,3,87000.0
6,6,3,84,9,4,102000.0
5,5,2,40,8,2,150000.0
7,6,4,94,7,2,125000.0
10,6,1,30,2,5,55000.0
4,6,3,65,8,2,85000.0
0,5,2,72,12,2,130000.0
10,8,3,74,4,3,98000.0
0,8,1,30,4,2,55000.0
11,6,3,61,5,2,95000.0
7,6,3,85,8,4,104000.0
7,8,4,94,4,4,105000.0
5,6,4,108,3,3,175000.0
7,8,3,71,1,3,96000.0
10,8,3,78,2,2,135000.0
10,8,3,56,5,2,230000.0
11,4,3,80,10,3,97000.0
10,5,2,43,1,2,76000.0
10,8,3,34,2,2,74000.0
7,8,2,55,1,4,67000.0
11,9,2,38,4,2,65000.0
0,8,3,70,4,2,97000.0
4,6,3,69,12,2,86000.0
6,8,1,44,3,4,63000.0
2,5,2,61,6,2,163000.0
10,6,3,37,4,2,60000.0
7,6,2,60,4,2,87000.0
10,8,3,45,3,2,72000.0
7,6,1,50,1,4,65000.0
7,6,1,41,1,4,59000.0
5,6,1,60,10,4,110000.0
7,8,4,86,5,3,99000.0
7,8,1,33,3,2,55000.0
2,8,1,30,4,0,91000.0
2,8,1,41,4,2,89000.0
6,6,1,48,3,5,56000.0
7,6,4,93,3,2,106000.0
5,8,1,29,1,4,65000.0
1,6,2,48,9,2,66000.0
7,8,1,36,5,4,56000.0
2,5,3,75,5,5,138000.0
2,5,2,60,4,0,175000.0
2,6,4,129,9,2,182000.0
5,5,2,69,3,2,180000.0
7,8,2,38,1,2,53000.0
3,5,2,53,2,1,68000.0
5,8,2,57,2,5,63000.0
7,6,2,51,1,2,79000.0
7,3,2,51,2,4,76000.0
2,8,3,83,2,4,178000.0
3,5,2,57,12,5,95000.0
6,8,3,40,4,2,45000.0
3,5,3,67,11,2,210000.0
10,8,3,62,1,2,87000.0
11,8,2,51,1,4,95000.0
7,4,1,41,12,2,55000.0
4,8,3,72,3,2,90000.0
5,8,2,70,3,5,205000.0
5,6,2,54,9,2,214000.0
5,6,4,73,4,4,260000.0
3,6,4,105,12,5,127000.0
6,8,3,77,4,1,76000.0
3,6,4,105,12,4,127000.0
2,6,4,98,4,4,184000.0
11,6,3,50,1,4,65000.0
7,8,3,78,1,4,78000.0
7,6,1,37,2,4,65000.0
10,6,2,50,1,4,64000.0
7,4,3,64,4,3,83000.0
7,4,1,41,12,3,60000.0
10,8,4,75,3,4,82000.0
0,7,2,42,7,4,80000.0
2,5,3,75,14,2,165000.0
2,8,3,86,5,0,190000.0
5,6,2,63,4,5,175000.0
2,5,3,75,5,1,133000.0
11,8,4,74,1,2,112000.0
7,4,2,36,4,3,48000.0
2,4,3,97,3,4,160000.0
6,6,3,86,5,1,122500.0
2,4,2,52,9,0,150000.0
5,5,2,75,1,0,250000.0
2,8,2,72,4,0,170000.0
6,5,3,100,15,2,173000.0
2,8,3,70,3,3,120000.0
4,6,3,73,9,2,110000.0
2,8,3,90,2,2,230000.0
2,8,3,70,6,0,165000.0
2,8,3,81,3,5,180000.0
0,5,3,71,8,0,125000.0
2,4,3,78,3,4,137000.0
2,5,3,59,3,0,190000.0
6,6,3,78,4,3,95000.0
2,8,3,94,7,4,190000.0
2,8,3,66,5,2,138000.0
3,6,4,84,9,4,107000.0
2,5,4,102,3,1,170000.0
11,6,3,78,3,3,135000.0
4,6,3,91,9,4,148000.0
10,8,3,63,1,0,90000.0
2,5,2,65,2,1,165000.0
2,8,2,56,3,4,116000.0
2,5,2,61,9,0,180000.0
2,8,2,54,2,0,160000.0
3,6,1,54,4,5,76000.0
2,8,1,41,2,2,95000.0
7,8,3,81,4,5,90000.0
2,8,3,78,3,2,114000.0
11,5,3,80,6,2,132000.0
6,6,3,70,1,2,78000.0
7,6,3,76,3,2,115000.0
10,6,3,98,1,4,85000.0
2,1,2,64,2,2,110000.0
2,6,3,84,3,2,149000.0
6,6,3,73,1,2,132000.0
3,6,4,95,3,2,155000.0
2,8,2,57,3,0,110000.0
7,6,2,71,2,5,75000.0
5,6,2,61,7,4,170500.0
3,6,4,107,8,2,155000.0
2,6,3,94,7,4,190000.0
11,6,2,37,2,2,95000.0
2,5,2,61,7,2,146000.0
11,6,3,78,3,5,135000.0
3,5,2,46,4,1,78000.0
6,6,4,90,5,2,105000.0
2,5,2,52,4,2,130000.0
2,6,2,61,5,5,114000.0
4,8,1,36,3,2,67000.0
2,8,2,72,4,4,115000.0
3,5,3,110,14,0,215000.0
5,8,2,61,5,0,159000.0
11,8,4,78,2,0,160000.0
10,8,1,32,4,2,56000.0
1,8,4,103,1,2,100000.0
2,8,1,37,4,5,73000.0
7,5,2,56,4,1,88000.0
7,6,3,110,9,2,87000.0
11,5,2,56,3,2,120000.0
2,8,2,70,4,2,125000.0
7,6,3,76,8,2,112000.0
2,6,3,64,5,0,159000.0
2,6,2,66,6,4,105000.0
3,6,4,87,8,3,105000.0
10,6,1,41,9,4,63000.0
2,8,3,90,2,0,230000.0
0,8,2,60,4,2,73000.0
2,1,2,55,8,4,92000.0
7,8,3,66,3,1,72000.0
2,8,4,101,2,2,200000.0
7,6,3,71,2,5,75000.0
6,6,3,78,6,2,128000.0
0,8,4,90,1,3,120000.0
7,6,3,72,7,0,85000.0
0,6,3,79,1,4,79000.0
7,6,3,65,3,0,105000.0
6,5,1,47,4,2,71000.0
7,6,3,78,2,4,125000.0
2,5,2,43,6,2,112000.0
7,8,3,68,3,2,105000.0
5,5,2,53,7,2,218000.0
2,6,2,63,4,4,122500.0
7,6,2,40,4,2,70000.0
2,8,3,76,2,4,153000.0
2,5,2,57,6,2,175000.0
2,6,3,90,10,2,160000.0
2,8,2,44,3,2,105000.0
3,6,3,96,9,2,136500.0
2,8,2,64,2,2,113000.0
10,5,2,59,7,1,85000.0
4,6,2,50,9,3,75000.0
5,8,2,30,2,0,115000.0
7,4,2,51,4,4,66000.0
3,6,3,97,4,2,153000.0
0,6,2,70,8,5,82000.0
5,4,3,78,2,1,179400.0
2,8,2,62,4,5,109000.0
7,4,2,71,5,4,88000.0
2,8,2,44,5,0,86000.0
2,8,3,110,3,3,178000.0
3,5,2,52,10,2,128000.0
7,6,1,37,2,4,56000.0
6,6,3,81,7,3,93000.0
2,8,3,70,4,2,135500.0
5,8,3,77,1,5,120000.0
2,8,2,56,3,2,116000.0
2,8,3,70,2,2,150000.0
7,8,2,58,4,2,118000.0
11,8,1,46,4,5,64000.0
5,8,4,92,5,3,265000.0
2,6,2,74,7,3,71000.0
5,8,3,71,5,3,175000.0
7,6,3,74,1,4,73000.0
3,6,2,80,1,2,102000.0
2,8,2,56,3,2,115000.0
2,6,2,71,7,0,135000.0
5,4,3,104,15,2,200000.0
2,6,2,47,4,0,117000.0
2,5,3,71,13,2,175000.0
7,8,2,55,3,4,77342.0
7,6,2,62,2,2,86000.0
5,8,3,68,4,4,195000.0
6,6,2,38,13,0,61000.0
5,8,2,85,4,4,205000.0
7,6,3,82,2,2,100000.0
7,5,2,53,1,5,73000.0
2,4,4,125,9,2,214000.0
11,6,2,52,6,0,100000.0
10,8,3,55,5,4,80000.0
11,6,3,98,8,4,120000.0
3,6,4,93,2,2,160000.0
2,8,3,96,2,5,190000.0
2,8,3,106,1,4,170000.0
7,8,2,52,5,3,68000.0
2,6,3,83,2,2,163000.0
3,6,1,54,6,2,90000.0
5,5,2,60,4,1,143000.0
11,5,2,68,6,0,210000.0
0,8,1,38,4,4,65000.0
2,6,3,82,10,4,130000.0
2,5,3,84,4,0,220000.0
5,5,3,65,9,2,215000.0
2,6,3,82,3,2,180000.0
2,8,3,80,2,2,168000.0
2,6,2,44,8,0,100000.0
3,5,3,74,12,2,155000.0
11,6,2,36,11,0,60000.0
2,8,1,40,2,4,75000.0
10,8,2,45,1,4,73000.0
0,8,1,48,4,2,59000.0
2,5,3,93,2,2,240000.0
3,1,2,78,2,2,120000.0
5,8,3,69,2,0,198000.0
3,4,3,74,18,2,183000.0
2,6,4,90,10,2,163500.0
0,6,2,78,12,2,91000.0
2,6,3,80,13,5,110000.0
3,5,2,52,6,1,61000.0
5,6,1,40,8,5,70000.0
5,8,3,80,5,5,163000.0
2,8,2,54,3,2,140000.0
5,8,2,56,2,2,200000.0
2,8,3,65,2,5,99900.0
2,8,3,70,6,2,155000.0
11,5,3,101,11,0,265000.0
7,8,4,94,1,2,100000.0
2,8,3,96,3,4,195000.0
2,8,2,64,5,4,118000.0
2,6,3,95,12,4,160000.0
2,8,2,63,5,4,108000.0
2,5,4,96,14,1,155000.0
2,6,3,115,10,0,175000.0
11,8,2,30,4,0,70000.0
6,6,3,72,3,3,93000.0
11,8,2,48,1,2,100000.0
2,8,2,54,1,4,99000.0
2,5,3,100,4,1,230000.0
3,5,2,74,5,2,172000.0
3,5,2,77,13,1,108000.0
3,6,1,51,6,4,77000.0
2,8,2,58,4,0,149000.0
11,8,3,78,2,0,160000.0
2,8,2,65,2,5,99900.0
2,6,3,82,10,5,130000.0
1,8,3,68,5,2,110000.0
2,8,2,63,4,5,130000.0
2,5,3,85,2,2,212000.0
2,6,2,67,6,5,107000.0
2,8,2,67,3,5,150000.0
3,6,3,74,8,2,123000.0
6,5,1,40,8,2,70000.0
3,5,4,105,2,2,215000.0
0,5,3,66,11,1,90000.0
5,6,2,63,5,2,204000.0
6,5,3,76,12,1,142000.0
0,6,3,94,13,3,93000.0
6,6,3,86,1,2,125000.0
2,8,2,67,5,2,105000.0
2,8,2,73,2,5,159000.0
0,6,3,83,11,0,130000.0
10,8,3,72,2,2,131000.0
3,5,3,93,4,2,170000.0
2,8,4,110,5,5,250000.0
6,8,3,74,5,3,90000.0
2,8,1,40,2,4,82000.0
5,6,2,44,6,0,168000.0
10,6,4,108,9,2,146000.0
2,6,3,69,7,2,152000.0
11,6,3,66,16,2,85000.0
2,5,3,88,11,2,250000.0
6,6,4,91,4,4,97000.0
2,8,2,52,5,2,99000.0
5,8,3,58,4,2,167000.0
3,6,3,70,1,2,95000.0
2,8,2,50,5,0,110000.0
7,5,3,86,8,0,160000.0
2,6,3,88,3,4,145000.0
11,6,2,43,2,2,80000.0
2,6,3,86,7,4,145000.0
2,5,2,56,2,2,143000.0
6,5,3,98,8,2,165000.0
0,8,2,43,2,2,74500.0
2,8,2,67,5,4,105000.0
7,6,3,78,2,2,90000.0
11,6,3,78,5,3,110000.0
2,9,2,47,4,2,118000.0
10,8,2,50,3,2,100000.0
5,6,2,67,9,0,155000.0
6,6,3,94,3,2,110000.0
7,6,2,62,3,5,82000.0
7,8,1,36,4,2,68000.0
6,6,4,87,9,2,105000.0
2,5,2,61,9,2,180000.0
7,8,3,68,3,2,108000.0
7,6,2,60,4,2,86000.0
6,6,3,80,7,2,119000.0
0,5,2,46,3,1,66000.0
2,8,3,69,3,0,210000.0
2,8,2,57,4,2,125000.0
2,5,2,59,5,2,150000.0
10,8,2,45,2,3,76000.0
3,6,4,92,8,2,117500.0
10,8,2,57,2,2,116012.0
3,6,2,58,5,5,73000.0
11,6,3,95,11,4,102000.0
0,4,3,82,6,4,88000.0
11,8,3,88,2,2,155000.0
5,8,2,50,4,2,120000.0
3,6,3,76,6,4,120000.0
0,8,1,38,2,5,54000.0
2,8,3,69,5,0,160000.0
6,6,1,51,4,4,66000.0
11,6,3,79,2,2,155000.0
11,5,2,68,7,2,157500.0
2,6,3,63,3,3,72000.0
2,8,3,86,4,4,140000.0
2,1,2,62,4,2,109000.0
5,8,1,38,2,2,67000.0
2,8,3,100,4,3,170151.0
10,8,3,55,2,2,95000.0
2,5,3,80,9,0,259000.0
7,6,3,74,5,5,74000.0
5,8,3,104,2,4,250000.0
5,8,2,65,2,5,140000.0
4,6,4,80,1,4,70000.0
5,5,3,75,8,2,270000.0
2,5,4,103,6,0,230000.0
2,5,2,54,10,0,190000.0
11,5,3,89,7,2,185000.0
2,6,3,83,8,2,190000.0
2,8,3,92,2,2,210000.0
6,6,3,73,1,2,137000.0
2,6,3,63,3,4,120000.0
2,8,3,77,4,2,160000.0
11,8,2,44,5,0,86000.0
2,5,4,115,2,0,270000.0
5,8,1,32,2,2,163000.0
3,6,3,78,2,0,133000.0
2,8,3,78,7,2,142000.0
2,8,3,100,4,2,168000.0
0,6,1,45,15,5,60000.0
6,6,3,75,2,4,88000.0
2,6,3,61,3,4,71000.0
3,6,3,73,8,2,120000.0
11,6,3,76,9,0,125000.0
2,5,3,125,17,1,244000.0
2,5,2,55,5,2,157000.0
1,6,2,48,11,3,69000.0
7,6,3,74,4,5,89000.0
0,8,3,72,5,0,103000.0
5,6,3,96,6,0,132000.0
2,6,4,100,12,2,220000.0
7,6,4,100,5,4,124000.0
2,8,2,51,5,0,130000.0
2,5,4,94,12,1,165000.0
2,5,3,70,3,0,168000.0
2,8,4,90,3,4,163000.0
7,6,3,89,9,2,90000.0
3,6,2,66,8,0,110000.0
2,8,3,68,3,2,152000.0
5,1,2,56,4,2,231500.0
10,8,3,88,3,5,79000.0
11,5,2,54,9,2,129000.0
10,8,4,89,3,4,87000.0
10,5,3,66,1,2,84000.0
2,6,1,32,6,2,75000.0
3,5,2,72,10,2,210000.0
11,6,3,100,8,4,120000.0
6,5,2,46,5,2,90000.0
2,5,3,95,8,1,199000.0
2,6,4,90,13,4,173000.0
2,5,3,85,8,0,255000.0
10,8,3,78,4,4,75000.0
10,8,2,45,1,2,70000.0
5,5,2,70,2,0,243000.0
6,8,3,78,4,5,89000.0
2,8,2,64,5,0,120000.0
6,6,3,75,8,4,84000.0
5,6,1,40,11,2,94000.0
0,2,2,50,6,2,90000.0
6,6,3,72,3,2,97000.0
2,5,2,60,13,0,185000.0
6,4,2,60,7,2,204000.0
3,6,4,76,8,2,116000.0
2,5,2,57,14,2,216000.0
2,6,2,67,3,4,110000.0
5,6,3,100,15,0,210000.0
2,6,3,52,1,2,92000.0
3,5,2,57,3,0,127000.0
2,5,3,103,6,0,250000.0
11,6,3,80,10,2,100000.0
0,8,3,70,2,2,95000.0
2,8,2,70,3,4,155000.0
7,6,3,76,1,2,82000.0
2,5,3,71,13,0,175000.0
2,6,3,75,4,2,142000.0
3,6,4,76,8,2,99000.0
0,6,2,53,2,4,68000.0
11,5,3,83,10,2,225000.0
11,6,2,65,1,0,95000.0
2,8,3,56,3,4,100000.0
6,5,2,68,7,0,177000.0
0,8,2,54,3,4,98000.0
1,6,2,68,3,2,95000.0
3,6,3,78,8,4,140000.0
5,8,2,63,2,4,150000.0
10,8,2,35,3,0,88000.0
0,6,2,70,3,4,78000.0
11,6,3,60,5,2,90000.0
7,6,3,76,5,3,82000.0
6,6,3,72,3,4,95000.0
6,8,2,46,1,5,58000.0
2,8,4,87,5,3,175000.0
3,6,3,97,9,4,135000.0
11,8,2,47,3,2,98000.0
10,8,1,18,8,2,46000.0
5,6,3,104,15,2,200000.0
5,6,2,53,1,0,160000.0
4,8,3,98,5,3,84000.0
2,8,3,83,2,4,179000.0
9,8,2,63,4,3,66000.0
5,5,3,65,3,0,210000.0
7,6,2,41,6,2,66000.0
2,8,3,70,3,4,120000.0
5,1,4,122,7,2,230000.0
2,8,2,62,4,5,115860.0
0,5,2,57,14,1,69000.0
7,4,2,55,2,0,150000.0
10,8,2,48,3,2,77000.0
2,8,4,120,3,2,195000.0
2,8,2,60,2,4,141000.0
11,8,2,50,1,4,67000.0
11,5,2,55,5,2,118000.0
6,6,5,127,2,2,150000.0
6,6,4,90,9,2,110000.0
6,8,2,46,3,3,62000.0
5,8,3,90,2,0,265000.0
1,6,3,70,4,4,92000.0
10,8,3,84,3,2,270000.0
7,8,2,68,1,2,92000.0
6,6,3,85,8,4,91000.0
5,6,2,68,3,2,204000.0
6,6,3,63,2,2,77000.0
7,6,1,41,11,5,60000.0
11,5,4,120,2,0,220000.0
6,8,2,72,2,4,81000.0
7,6,3,70,1,3,85000.0
3,5,2,66,5,0,163000.0
6,5,3,72,7,2,147000.0
2,8,3,103,2,0,170000.0
6,8,3,80,4,3,90000.0
11,6,2,53,9,4,80000.0
2,8,3,77,2,4,145000.0
6,6,2,68,3,4,75000.0
10,8,1,40,3,2,68000.0
10,8,3,78,4,3,76000.0
0,6,3,80,6,2,100000.0
2,5,2,60,4,2,155000.0
2,6,3,100,7,0,200000.0
3,6,2,67,3,0,108000.0
11,8,2,55,4,2,152000.0
3,6,3,94,6,4,137000.0
3,6,2,68,11,4,100000.0
2,5,1,30,2,2,49000.0
3,5,2,52,6,1,85550.0
3,5,2,46,8,1,83000.0
6,8,4,74,1,2,75000.0
3,4,3,74,6,1,110000.0
3,8,3,70,1,0,95000.0
2,6,3,83,3,2,153000.0
5,8,4,85,4,3,180000.0
5,8,3,85,4,5,180000.0
2,8,3,92,3,0,174000.0
10,8,2,55,3,2,95000.0
7,6,2,67,9,3,87000.0
0,8,1,31,1,2,63000.0
2,5,4,103,6,2,230000.0
2,5,3,95,8,2,194387.0
3,5,3,74,14,1,120000.0
6,5,3,75,6,1,125000.0
4,6,3,60,6,2,110000.0
0,6,3,80,4,0,108000.0
11,6,3,98,9,2,125000.0
5,8,1,40,1,2,100000.0
3,6,4,87,8,4,107500.0
4,8,2,58,5,2,82000.0
2,6,2,60,9,4,90000.0
0,5,2,60,3,2,82000.0
3,6,4,93,3,2,145000.0
2,6,2,58,2,4,112000.0
2,8,2,42,2,2,89000.0
2,8,2,35,4,0,79000.0
3,6,3,66,8,2,110000.0
7,6,3,64,2,2,91000.0
2,5,4,118,2,2,236000.0
11,5,3,109,2,0,225000.0
2,8,3,75,3,4,125000.0
6,6,4,98,1,2,124000.0
2,6,2,45,7,2,92000.0
2,5,3,84,7,2,205000.0
3,7,3,63,2,2,135000.0
11,6,2,57,11,2,90000.0
11,6,4,80,2,2,120000.0
3,6,3,96,8,4,155000.0
5,4,2,40,11,2,126000.0
10,6,3,83,4,2,120000.0
3,1,2,80,1,4,130000.0
10,8,3,88,3,5,77000.0
5,1,3,79,5,4,180000.0
2,8,3,85,1,0,175000.0
6,8,3,76,5,3,90000.0
5,4,2,40,8,2,123000.0
2,8,2,45,6,3,84000.0
2,8,3,78,2,0,175000.0
2,8,3,100,4,4,260000.0
5,8,3,64,1,2,130000.0
0,6,2,44,2,2,68000.0
3,6,2,65,11,2,88000.0
5,8,1,30,3,0,108000.0
11,5,2,54,9,2,135000.0
7,6,2,52,5,4,73000.0
0,8,3,80,1,2,220000.0
3,5,3,90,6,2,172000.0
5,6,2,40,5,2,129000.0
5,4,1,62,12,5,127000.0
3,5,2,40,12,2,142000.0
2,8,1,40,2,5,79000.0
11,6,1,33,2,2,46000.0
11,6,1,36,1,2,55000.0
0,8,1,30,1,2,53000.0
0,6,3,98,5,2,115000.0
11,6,3,87,7,2,125000.0
2,6,3,81,12,0,180000.0
2,8,2,46,6,5,83000.0
2,8,1,42,5,3,77000.0
2,8,2,37,5,4,75000.0
4,6,3,74,2,4,86000.0
10,6,3,64,6,5,79000.0
11,6,3,61,6,2,95000.0
10,6,2,60,8,2,88000.0
11,6,3,77,7,5,108000.0
3,6,3,77,2,0,125000.0
11,6,2,65,5,4,75000.0
3,4,3,64,9,2,98000.0
4,8,3,114,1,2,72000.0
0,8,1,44,2,2,78000.0
2,5,3,67,11,0,175000.0
2,6,4,95,8,2,165000.0
6,6,3,80,9,4,86000.0
10,8,2,57,3,2,85000.0
2,8,2,58,2,2,110000.0
2,5,2,60,13,2,185000.0
2,8,2,76,4,4,123000.0
4,6,3,72,2,5,78000.0
6,6,4,110,16,4,100000.0
11,5,3,72,4,2,159000.0
2,8,3,90,4,2,210000.0
11,6,3,48,7,2,82000.0
7,6,2,52,4,2,78000.0
11,8,1,33,3,2,53000.0
2,6,2,43,3,2,110000.0
0,6,3,81,11,2,112500.0
10,5,3,83,7,1,220000.0
2,5,3,113,4,0,209000.0
7,6,3,48,7,0,71000.0
5,6,2,78,3,4,195000.0
7,6,3,78,6,3,83000.0
7,6,3,73,5,0,160000.0
0,8,1,48,2,4,66000.0
2,8,3,82,3,4,130000.0
6,6,2,51,5,3,77000.0
6,8,2,71,2,2,110000.0
7,6,2,65,4,5,80000.0
6,6,3,83,5,3,89000.0
1,6,2,68,9,2,88000.0
1,6,1,47,8,4,75000.0
2,8,3,77,4,0,235000.0
6,6,3,76,1,2,100000.0
3,6,3,82,5,3,105000.0
2,5,2,60,10,2,135000.0
3,6,2,43,8,2,92000.0
5,5,4,93,7,1,214000.0
5,6,3,93,2,3,145000.0
11,4,3,78,2,2,153000.0
10,3,3,78,3,4,115000.0
4,6,3,74,2,4,85000.0
5,5,1,34,15,4,80000.0
3,6,3,80,4,4,152000.0
0,6,2,70,8,2,82000.0
2,6,2,61,6,3,95000.0
11,6,1,43,2,2,82000.0
2,6,3,84,4,2,119000.0
5,6,1,40,10,2,128000.0
4,6,2,42,8,2,65000.0
6,6,2,65,3,3,83000.0
11,8,5,124,3,2,175000.0
2,6,3,79,7,4,120000.0
1,6,3,68,1,3,80000.0
2,8,3,113,4,0,270000.0
3,5,2,43,3,0,85000.0
2,5,3,85,2,0,210000.0
2,8,2,50,7,0,119000.0
11,5,3,72,4,0,175000.0
3,6,2,54,7,2,97000.0
3,5,3,72,14,2,165000.0
0,6,3,84,11,5,82000.0
2,8,2,43,2,2,84000.0
3,5,3,82,3,2,195000.0
2,8,4,80,4,2,235000.0
2,8,3,113,3,2,178000.0
2,5,2,61,6,0,210000.0
0,6,2,62,15,3,85000.0
2,8,2,42,5,0,120000.0
2,8,3,65,2,4,99900.0
2,8,3,87,4,4,138000.0
11,6,2,57,11,0,85000.0
5,6,2,79,4,2,115000.0
6,8,2,60,4,2,99000.0
3,5,2,63,2,0,78000.0
2,8,2,41,3,2,89000.0
11,5,2,67,16,1,112000.0
2,6,2,58,2,5,106000.0
10,8,1,37,3,4,75000.0
2,6,4,127,7,4,260000.0
5,4,2,54,4,2,120000.0
10,8,2,48,5,5,45000.0
6,8,1,44,3,5,60000.0
2,8,3,97,2,0,175000.0
2,6,3,75,4,2,168000.0
3,6,2,31,4,0,65000.0
2,8,2,62,3,5,120000.0
7,8,4,94,4,4,94000.0
2,8,2,60,3,2,135000.0
3,8,3,85,1,3,90000.0
2,8,3,86,4,5,140000.0
0,6,3,68,15,2,82000.0
4,8,1,40,1,3,76000.0
2,8,3,81,4,4,145000.0
0,6,2,38,9,2,55000.0
10,8,3,88,4,3,90000.0
11,6,3,97,3,3,130000.0
10,6,4,75,3,3,82000.0
11,6,4,90,8,2,130000.0
7,6,3,76,7,4,93000.0
5,6,1,40,11,2,120000.0
6,6,3,80,4,4,89000.0
11,8,4,126,5,2,155000.0
7,5,3,67,1,0,125000.0
0,6,3,83,5,5,87000.0
2,5,3,90,5,2,154000.0
2,8,3,88,4,0,259000.0
10,8,2,52,2,3,66000.0
2,6,3,87,7,0,255000.0
6,8,3,47,3,2,79000.0
11,5,3,116,4,2,189000.0
2,5,2,74,3,0,230000.0
2,2,3,76,3,0,238000.0
11,5,2,68,6,0,220000.0
11,8,2,40,1,4,55000.0
3,5,2,43,3,0,88000.0
3,6,2,67,8,5,95000.0
2,6,1,48,12,3,80000.0
2,8,3,95,3,2,225000.0
2,6,3,84,4,2,125000.0
2,8,3,62,4,3,110000.0
11,5,3,72,4,0,159000.0
6,5,4,124,13,2,214000.0
2,8,3,72,2,3,115000.0
4,8,4,93,3,3,78000.0
2,6,3,63,4,4,134000.0
6,8,1,44,2,2,63000.0
6,6,4,96,4,2,130000.0
3,6,4,106,1,2,160000.0
7,8,2,38,2,2,66500.0
2,5,3,104,5,2,270000.0
3,5,3,90,11,0,202000.0
5,5,2,60,2,0,185000.0
6,6,2,66,8,3,73000.0
2,6,4,97,3,4,145000.0
4,8,1,30,1,4,53000.0
2,6,3,76,5,5,110000.0
2,8,2,70,2,4,123000.0
2,5,2,46,7,4,85000.0
2,5,2,64,5,0,180000.0
7,8,1,46,4,5,62000.0
2,6,2,58,3,4,104000.0
5,6,2,70,4,2,210000.0
7,8,1,39,12,2,65000.0
2,8,1,36,5,4,77000.0
10,0,3,55,1,2,64000.0
1,6,2,62,9,2,85000.0
7,8,1,34,2,4,55000.0
7,6,2,67,8,3,74000.0
5,5,2,54,11,0,195000.0
2,5,2,72,4,2,180000.0
2,6,3,78,11,4,140000.0
0,6,2,70,3,5,76000.0
3,6,3,73,1,4,95000.0
0,6,2,47,5,0,85000.0
2,5,3,115,10,2,175000.0
2,4,3,53,10,0,85000.0
2,6,2,58,2,4,106000.0
7,6,2,63,8,2,115000.0
2,8,2,45,5,3,84000.0
7,6,2,63,8,0,115000.0
11,5,3,86,14,0,175000.0
5,8,3,85,4,0,250000.0
2,6,3,52,1,0,92000.0
2,8,3,93,2,0,200000.0
10,8,4,86,1,3,76000.0
2,6,3,84,12,4,105000.0
2,8,1,45,3,2,107000.0
10,8,2,33,5,2,65000.0
10,8,2,48,2,3,65000.0
1,5,3,77,3,0,157000.0
2,8,3,93,3,2,150000.0
3,5,3,92,3,0,230000.0
6,8,2,37,1,2,69000.0
5,5,2,64,11,2,137000.0
7,6,3,76,1,4,80000.0
2,5,2,64,10,2,160000.0
11,5,3,110,2,2,209000.0
11,5,3,92,8,0,270000.0
2,8,2,48,2,2,98000.0
2,5,3,88,7,2,270000.0
6,8,3,65,1,3,72000.0
3,6,3,101,1,4,110000.0
7,6,3,76,9,2,75000.0
2,3,3,94,8,4,125000.0
2,6,4,95,4,4,165000.0
7,6,3,80,1,2,83000.0
2,8,3,86,7,2,148000.0
2,6,2,67,5,5,92000.0
2,4,3,121,14,2,272000.0
2,8,2,62,5,2,117000.0
7,6,2,45,8,5,56000.0
5,6,2,40,11,0,135000.0
2,5,1,42,16,1,86000.0
0,4,3,84,11,5,90000.0
5,5,1,37,14,2,83000.0
4,6,4,62,1,4,90000.0
5,4,3,69,1,3,119000.0
5,6,3,69,1,4,119000.0
5,6,3,73,9,0,222000.0
6,6,2,53,4,3,63000.0
0,6,2,63,15,2,85000.0
2,6,2,52,7,4,93000.0
10,8,1,44,4,5,70000.0
2,8,4,90,3,2,216000.0
7,6,1,46,2,3,56000.0
2,6,3,76,9,0,175000.0
11,6,3,96,6,2,160000.0
2,6,3,84,1,2,125000.0
2,5,2,75,12,2,200000.0
2,8,2,62,5,2,112000.0
11,5,2,56,2,2,115000.0
5,8,3,75,2,3,159000.0
2,8,3,88,4,2,185000.0
5,6,2,65,5,2,155000.0
7,4,2,51,3,4,60000.0
7,6,1,39,7,2,67000.0
6,6,2,65,7,4,82000.0
2,6,3,100,6,2,170000.0
7,6,2,32,1,0,56643.0
7,8,3,75,3,0,115000.0
5,8,3,82,3,5,135000.0
5,6,2,49,10,2,180000.0
4,6,4,86,7,2,125000.0
2,5,3,83,8,2,220000.0
2,8,3,67,5,3,130000.0
1,6,3,65,3,2,200000.0
3,6,2,68,3,2,99000.0
11,5,3,82,6,1,201789.0
4,6,2,45,2,2,75993.0
4,8,3,53,5,3,71000.0
3,6,3,71,4,5,96000.0
2,6,1,40,2,2,87000.0
5,6,2,76,3,0,245000.0
7,6,2,67,6,2,76000.0
5,8,2,56,4,2,231000.0
0,5,2,58,11,1,66040.0
6,6,3,75,5,4,77000.0
11,5,3,114,5,0,235000.0
0,6,1,47,5,5,69000.0
6,5,2,53,19,0,139000.0
2,8,3,90,4,2,255000.0
2,6,3,110,9,4,150000.0
2,5,3,78,3,0,203000.0
11,5,3,128,12,1,250000.0
1,6,3,61,2,4,83000.0
2,6,3,87,5,0,196000.0
6,6,2,66,8,3,71000.0
2,8,3,88,4,2,260000.0
6,6,3,65,5,3,77000.0
11,4,3,95,3,4,155000.0
2,6,3,87,6,2,165000.0
2,6,2,49,9,4,90000.0
3,6,2,68,5,2,100000.0
2,8,3,98,4,4,170000.0
7,6,3,72,7,2,82000.0
2,8,2,61,5,2,89000.0
6,6,3,63,2,3,77000.0
2,6,2,42,2,2,115000.0
2,8,3,82,4,4,127446.0
6,6,3,80,5,3,92000.0
11,8,1,35,4,3,66000.0
7,6,1,44,1,3,70000.0
2,8,3,105,3,0,244000.0
10,8,3,62,3,2,99000.0
7,8,2,48,4,5,68000.0
0,4,2,70,8,1,95000.0
5,5,2,62,5,2,235000.0
7,6,1,43,2,4,58000.0
7,5,3,70,1,2,125000.0
7,8,2,35,3,2,63000.0
2,8,2,48,2,0,82000.0
6,6,2,45,2,4,68000.0
7,6,2,41,6,3,66000.0
2,8,2,43,3,2,120000.0
5,1,2,56,4,2,250000.0
5,8,2,68,1,3,170000.0
7,5,3,67,1,0,122000.0
8,5,2,62,2,2,185000.0
7,8,3,77,4,4,85000.0
5,6,3,89,8,2,240000.0
2,6,2,77,8,0,150000.0
4,8,3,76,3,3,90000.0
5,6,4,95,8,4,230000.0
7,6,4,100,9,4,122000.0
2,6,4,92,9,2,125000.0
2,8,2,53,3,5,87000.0
2,8,2,40,5,0,115000.0
2,5,2,59,6,0,138000.0
5,8,2,57,2,4,210000.0
7,8,2,54,2,2,85000.0
3,6,3,100,4,2,185000.0
11,6,3,77,9,3,80000.0
11,6,3,67,8,0,120000.0
7,8,2,50,3,2,66000.0
4,6,2,40,9,2,70000.0
2,4,2,77,15,0,231000.0
5,8,3,90,2,3,148000.0
7,6,2,62,7,5,77000.0
2,6,3,96,9,4,148000.0
11,6,2,54,3,2,74000.0
6,6,3,95,7,4,88000.0
7,6,3,79,9,4,77000.0
4,8,2,47,1,3,48000.0
2,5,2,84,16,0,255000.0
7,8,3,56,5,2,80000.0
7,8,3,77,4,4,98000.0
2,5,3,97,2,2,195000.0
3,6,2,40,7,2,70000.0
2,6,3,79,13,2,120000.0
2,8,3,63,3,2,155000.0
6,6,2,53,3,4,74000.0
5,6,3,71,2,3,125000.0
2,8,3,73,3,3,123000.0
6,5,3,103,15,2,195000.0
7,6,3,64,2,2,95000.0
2,8,2,78,4,5,130000.0
2,6,1,43,3,4,73000.0
2,8,2,67,3,4,115000.0
2,8,2,50,4,4,122000.0
11,6,3,78,2,2,140000.0
5,6,1,24,10,0,81000.0
6,6,4,95,6,2,133000.0
10,8,3,68,4,3,89000.0
2,8,3,95,3,0,215000.0
11,5,3,122,17,1,215000.0
7,6,2,42,7,2,60000.0
2,8,4,96,3,3,239000.0
2,4,2,80,10,2,210000.0
1,8,1,41,3,4,63000.0
10,6,2,67,3,3,85000.0
2,8,2,73,2,5,140000.0
2,8,4,100,5,4,140000.0
5,6,3,77,2,4,210000.0
3,5,2,42,12,2,84000.0
7,5,2,87,5,0,230000.0
0,6,3,82,6,5,85000.0
2,5,2,67,6,2,182000.0
5,1,3,98,6,2,250000.0
5,6,2,43,10,2,129000.0
3,5,3,90,4,0,235000.0
2,8,2,46,6,4,85000.0
3,6,3,69,14,2,114000.0
2,6,3,74,7,4,115000.0
11,6,4,109,10,2,129000.0
1,6,2,46,1,2,67000.0
10,6,3,57,2,2,85000.0
2,5,2,60,4,1,110000.0
5,8,3,74,1,3,190000.0
7,6,2,63,8,4,73000.0
11,6,2,52,6,2,100000.0
2,8,4,96,3,0,234000.0
11,5,2,49,5,1,120340.0
3,5,3,75,8,0,160000.0
0,6,3,72,1,1,77500.0
2,8,3,76,2,2,160000.0
4,8,1,32,5,5,47000.0
6,6,2,63,9,2,85000.0
2,4,1,40,7,2,113000.0
4,8,1,40,3,4,70000.0
5,6,4,78,9,4,150000.0
5,6,3,65,1,4,124000.0
2,6,3,80,1,0,145000.0
2,5,2,75,5,2,160000.0
10,8,2,46,1,2,66000.0
2,8,3,82,5,3,155000.0
5,6,1,41,11,5,78000.0
6,6,3,80,5,5,82000.0
2,6,3,95,5,4,155000.0
2,8,3,71,3,2,250000.0
4,6,3,73,1,3,80000.0
11,6,3,82,16,3,84000.0
11,6,3,65,5,3,75000.0
0,8,2,55,4,4,79000.0
1,6,3,73,6,2,90000.0
7,5,3,86,8,0,145000.0
2,6,3,79,2,2,195000.0
0,6,2,61,12,4,75000.0
7,6,3,78,4,4,85000.0
2,6,3,87,8,2,150000.0
10,8,1,51,3,1,72000.0
6,6,4,88,8,2,135000.0
2,8,3,78,2,0,210000.0
2,6,3,95,14,2,255000.0
3,6,3,73,8,2,134000.0
3,6,3,78,2,2,142000.0
0,8,3,72,3,2,110000.0
2,5,3,67,11,2,175000.0
11,8,2,69,4,0,113000.0
2,6,2,69,4,5,75000.0
3,4,3,83,7,2,200000.0
3,6,3,78,1,5,102000.0
7,6,2,66,7,4,84000.0
5,8,2,30,4,0,119000.0
2,6,2,43,9,4,88000.0
2,8,3,93,5,5,123000.0
0,8,2,49,4,5,68000.0
11,5,2,60,6,2,110000.0
2,8,3,90,3,2,165000.0
10,8,2,63,1,4,70000.0
5,8,3,52,2,0,130000.0
2,8,2,41,3,2,123000.0
2,5,2,30,4,0,47000.0
7,8,2,52,4,4,63000.0
6,8,3,76,5,4,87000.0
2,6,2,74,12,5,98000.0
6,8,3,75,4,2,85000.0
11,8,5,124,4,2,162000.0
7,6,2,51,3,3,60000.0
2,8,3,80,2,2,150000.0
3,6,4,113,4,2,140000.0
0,5,2,72,11,2,110000.0
2,5,3,88,11,0,270000.0
5,6,2,65,4,0,189000.0
3,6,3,96,6,3,118000.0
7,6,2,59,2,2,90000.0
6,8,3,77,3,4,85000.0
4,8,2,48,2,2,68000.0
7,6,2,50,3,5,68500.0
4,6,1,40,3,3,69000.0
2,6,3,55,4,2,105000.0
2,8,3,66,4,2,153000.0
2,8,3,76,5,2,173000.0
2,8,3,85,4,4,160000.0
5,5,2,66,3,2,240000.0
2,8,2,51,7,0,122000.0
3,6,2,31,5,2,64000.0
5,8,2,37,1,4,84000.0
2,8,2,67,3,5,115000.0
3,5,3,83,7,0,200000.0
5,6,3,100,5,4,235000.0
5,6,1,37,2,4,128000.0
5,6,1,40,12,2,135000.0
10,8,3,71,3,4,140000.0
5,5,3,125,13,1,250000.0
1,8,1,44,2,5,57000.0
6,6,1,43,9,5,57000.0
11,3,3,51,1,2,76000.0
0,6,3,93,8,5,96000.0
2,8,2,52,5,4,99000.0
6,5,3,87,4,0,227000.0
1,6,3,80,1,3,97000.0
7,4,2,71,5,2,88000.0
1,4,3,62,12,3,77000.0
7,3,2,50,2,4,65000.0
10,8,2,47,4,4,56000.0
11,6,3,80,2,2,159000.0
7,5,3,102,14,0,220000.0
11,6,3,80,1,3,98000.0
0,6,2,73,12,3,85000.0
2,5,2,43,5,2,125000.0
1,6,3,82,4,2,112000.0
7,6,2,64,4,4,87000.0
5,8,3,80,4,0,203000.0
2,8,3,52,2,0,111000.0
4,6,2,36,4,4,50000.0
10,6,2,40,5,2,61500.0
2,8,2,55,5,2,110000.0
2,6,3,80,7,2,140000.0
2,5,1,35,3,0,90000.0
5,1,2,70,5,2,202000.0
2,6,2,64,6,4,110000.0
1,6,3,52,9,2,72000.0
2,8,2,66,4,2,165000.0
5,6,3,72,4,2,117000.0
3,7,3,82,5,4,100000.0
11,6,3,55,8,3,66000.0
2,8,3,76,5,4,115000.0
11,8,3,76,2,0,185000.0
4,8,2,60,2,2,84000.0
6,6,2,51,2,3,73000.0
11,5,3,76,6,2,135000.0
2,6,3,74,5,4,140000.0
2,8,2,41,4,2,87000.0
3,5,2,71,2,2,180000.0
3,5,3,71,6,0,160000.0
5,5,3,61,11,0,220000.0
6,8,2,35,1,2,69000.0
3,6,2,56,10,0,115000.0
11,8,3,54,1,2,58000.0
2,5,3,93,2,2,271000.0
5,6,2,75,3,0,230000.0
4,6,2,67,8,4,74000.0
4,8,3,63,5,5,75000.0
0,7,2,43,5,2,90000.0
6,4,2,53,19,0,139000.0
5,1,3,42,1,2,150000.0
6,6,3,80,8,2,107000.0
2,5,3,121,14,2,272000.0
2,5,2,56,8,0,156000.0
10,8,3,77,1,2,125000.0
3,5,3,74,12,0,168000.0
4,6,3,60,4,5,68000.0
0,5,3,71,8,0,132000.0
11,6,3,75,2,4,88000.0
2,8,3,64,5,2,115000.0
6,6,3,73,4,3,92000.0
2,8,3,95,4,5,160000.0
4,8,1,32,5,4,52000.0
2,5,3,123,9,2,240000.0
5,6,3,66,11,5,140000.0
7,8,2,50,5,3,77000.0
11,6,1,17,2,3,34500.0
7,4,3,64,5,3,100000.0
2,8,3,86,4,4,135000.0
6,5,2,55,6,5,65740.0
2,8,3,86,5,2,125000.0
5,8,2,54,4,4,117000.0
5,5,2,45,5,2,240000.0
6,6,3,73,9,4,87000.0
6,6,3,75,9,4,85000.0
7,6,3,72,4,3,100000.0
2,5,3,82,3,1,137000.0
7,6,2,54,5,3,66000.0
1,6,2,57,3,0,117000.0
10,6,2,49,1,3,71500.0
11,5,2,56,6,1,117000.0
5,6,2,79,16,4,160000.0
6,4,3,84,12,2,105000.0
7,6,2,51,1,3,67000.0
2,6,2,49,4,3,66000.0
2,6,4,85,5,2,127000.0
2,4,3,92,2,4,87000.0
4,8,3,75,4,4,106000.0
1,6,1,56,10,3,71500.0
2,4,3,79,13,2,132000.0
7,8,3,72,4,4,96000.0
5,5,2,52,10,2,125000.0
5,8,3,88,4,2,220000.0
2,8,2,63,4,5,130000.0
6,5,2,56,10,1,90000.0
6,8,5,110,4,2,112000.0
5,6,1,40,6,3,120000.0
7,6,3,47,8,4,72000.0
2,8,1,35,1,0,77500.0
0,6,1,42,9,5,53000.0
2,6,3,102,9,3,123000.0
2,6,3,62,12,3,92000.0
2,8,3,71,4,2,113000.0
6,6,2,49,3,0,105000.0
5,4,2,75,5,3,240000.0
7,5,4,97,4,1,86000.0
10,6,3,41,3,2,52000.0
1,3,1,41,2,2,65000.0
10,8,1,30,1,5,54000.0
10,8,1,44,3,3,59000.0
1,6,1,42,2,2,66000.0
11,5,2,62,6,2,113000.0
5,8,1,23,4,5,63000.0
3,8,1,50,4,4,70000.0
5,4,2,66,12,2,175000.0
6,5,3,77,10,2,177500.0
2,8,3,96,1,2,230000.0
4,6,3,71,8,3,98000.0
7,8,3,78,1,5,80000.0
6,8,2,40,5,2,67000.0
1,6,2,47,8,4,75000.0
2,8,3,75,5,4,136000.0
11,5,2,53,13,0,158000.0
6,8,1,44,1,3,71500.0
1,6,3,50,4,3,70000.0
0,8,3,71,4,3,80000.0
10,8,3,79,1,5,75000.0
7,3,2,50,2,3,78500.0
2,8,1,43,5,0,120000.0
6,8,3,85,2,4,83000.0
5,6,2,45,6,2,112000.0
7,6,2,42,10,2,64000.0
7,8,3,86,1,2,87000.0
0,8,3,70,2,4,95000.0
11,8,4,90,5,2,116012.0
2,5,3,102,3,1,170000.0
5,8,2,49,2,2,270000.0
10,8,2,50,1,2,76000.0
11,8,1,36,2,4,82000.0
6,5,3,93,10,4,252649.0
3,6,1,34,7,2,63000.0
6,8,1,50,5,4,63000.0
2,4,2,56,10,5,90000.0
2,8,3,90,4,2,220000.0
7,4,3,82,8,2,105000.0
2,4,3,80,9,1,114000.0
2,8,4,100,4,3,160000.0
5,8,2,47,5,3,115000.0
4,6,3,81,10,2,125000.0
7,8,2,38,1,5,56000.0
1,4,4,96,11,3,105000.0
11,6,3,67,1,3,77000.0
5,6,2,40,11,2,99000.0
1,8,2,55,2,3,68500.0
7,6,3,76,9,5,80000.0
11,8,3,71,1,3,85000.0
5,8,2,52,5,4,105000.0
11,6,4,87,1,3,77000.0
7,4,3,90,14,2,97000.0
2,8,1,43,5,4,82000.0
5,8,2,63,2,4,150000.0
11,8,1,40,3,3,66500.0
7,4,3,66,11,2,117000.0
4,6,2,67,9,2,82000.0
10,8,2,55,2,4,87000.0
5,6,2,51,1,3,131000.0
3,6,3,85,13,0,195000.0
5,8,2,56,1,4,260000.0
10,8,2,58,1,3,70000.0
10,8,4,85,1,3,112000.0
10,8,2,28,4,5,38000.0
4,6,3,73,9,4,82000.0
5,8,3,66,4,2,205000.0
2,8,2,54,1,2,112000.0
2,8,2,53,5,5,115000.0
11,6,1,31,2,2,53000.0
4,5,4,120,3,1,115000.0
11,8,2,62,3,2,85000.0
0,8,3,75,5,3,90000.0
1,6,2,49,9,2,70000.0
4,6,2,66,7,4,78000.0
11,6,1,31,4,3,59000.0
4,8,3,58,4,3,83500.0
2,5,3,96,4,1,155000.0
2,4,3,85,6,3,142000.0
4,6,1,54,3,4,66500.0
6,6,1,53,1,2,71000.0
7,5,3,70,8,0,138000.0
7,6,3,90,7,3,110000.0
5,5,3,65,2,2,245000.0
11,4,3,86,4,4,97000.0
7,6,3,52,1,2,97000.0
7,5,3,85,9,3,86000.0
5,8,1,30,2,3,65000.0
7,6,3,67,9,3,92000.0
2,8,2,57,4,5,102000.0
1,6,3,83,5,2,102000.0
6,6,1,40,3,2,75000.0
11,8,2,52,4,2,75000.0
6,6,3,87,2,0,100000.0
7,5,3,83,2,2,93000.0
7,8,3,7,3,5,97000.0
3,6,3,100,3,2,165000.0
11,6,4,90,7,5,86000.0
6,8,3,76,4,2,124799.0
0,4,3,60,12,1,65000.0
2,8,3,70,4,5,94000.0
2,6,3,84,12,2,150000.0
10,6,1,35,4,2,50000.0
5,6,2,67,10,2,142000.0
0,6,2,67,9,2,90000.0
7,6,2,47,1,0,65000.0
6,6,3,60,9,4,77000.0
1,6,3,62,6,4,85000.0
2,8,2,33,5,0,85000.0
5,6,4,106,3,4,255000.0
2,6,2,42,8,0,89000.0
11,5,2,62,13,0,145000.0
4,8,1,31,2,3,62000.0
0,8,2,54,3,4,71500.0
2,5,2,46,2,2,107000.0
5,5,2,61,6,2,153000.0
5,6,2,43,10,2,87000.0
2,8,2,56,3,4,122500.0
0,6,2,63,2,4,88000.0
7,8,1,37,2,4,52000.0
10,8,2,50,2,2,77500.0
2,5,3,100,4,1,225000.0
7,6,2,60,4,3,77000.0
7,6,2,63,6,4,82000.0
10,6,2,68,9,3,90000.0
1,6,2,54,1,4,63000.0
11,6,3,62,2,5,80000.0
3,5,2,52,6,2,122000.0
4,6,2,65,6,2,85000.0
4,8,2,69,1,3,87000.0
7,4,3,76,10,3,86000.0
4,6,3,71,8,3,96000.0
7,6,3,77,6,2,120000.0
3,6,3,96,6,4,117000.0
11,5,2,68,6,2,220000.0
5,8,3,70,9,3,75000.0
10,8,3,74,4,5,99000.0
10,8,2,48,2,2,70000.0
1,5,4,100,4,2,230000.0
5,6,2,65,3,5,145000.0
5,6,3,86,3,2,170000.0
5,8,1,37,1,2,140000.0
7,8,1,36,1,3,53000.0
4,6,3,73,9,4,80000.0
10,8,3,75,5,5,120000.0
2,5,3,85,2,2,200000.0
5,6,1,40,5,0,160000.0
11,5,3,98,10,2,270000.0
2,4,2,60,2,2,105000.0
0,6,1,41,12,4,61500.0
7,6,3,78,3,5,86000.0
2,8,1,43,5,4,76000.0
2,6,3,50,6,2,125000.0
2,8,2,83,1,2,100000.0
0,6,2,60,10,4,82000.0
11,6,1,33,2,4,49999.0
10,6,3,84,2,3,78000.0
7,6,4,89,9,2,92000.0
5,6,1,40,3,5,68500.0
4,8,1,30,2,4,56500.0
5,8,2,47,1,5,60000.0
7,5,2,46,5,0,70000.0
5,6,1,42,4,2,87000.0
7,8,1,37,1,2,51500.0
10,8,2,48,2,2,67000.0
2,1,2,68,2,4,138000.0
2,8,3,86,5,3,140000.0
11,6,4,84,8,4,88000.0
7,8,2,57,1,3,76000.0
7,8,1,37,5,3,46000.0
1,6,1,43,8,4,60000.0
7,8,3,76,1,4,84000.0
2,8,3,57,5,2,105000.0
2,5,2,70,14,1,122000.0
2,8,2,76,6,5,110000.0
10,8,4,94,3,5,103000.0
2,6,2,65,9,2,125000.0
2,6,3,80,7,5,113000.0
3,5,3,65,1,2,165000.0
1,6,2,57,3,2,85000.0
3,6,1,31,4,2,63000.0
10,8,1,25,1,5,43000.0
7,9,3,75,2,0,109000.0
11,6,2,73,1,2,90000.0
6,6,4,120,9,2,90000.0
10,8,1,44,4,5,77000.0
3,6,2,61,12,4,75000.0
4,8,1,41,8,4,53000.0
4,8,3,77,5,5,82000.0
11,6,2,52,1,2,75000.0
4,6,3,80,5,4,80000.0
2,6,3,83,8,2,220000.0
4,8,1,35,4,4,53500.0
11,6,2,46,3,3,77000.0
7,6,4,80,1,3,73000.0
11,5,2,38,4,2,73000.0
4,1,2,57,2,4,63000.0
2,8,2,42,1,2,67500.0
5,8,3,100,5,4,227681.0
5,8,2,78,3,5,140000.0
0,8,1,47,4,5,73000.0
10,8,3,65,3,4,70000.0
7,8,3,78,5,2,90000.0
0,6,2,57,10,3,66000.0
6,6,2,56,1,3,74000.0
5,6,2,64,8,4,140000.0
10,8,3,52,3,2,68000.0
2,5,2,45,8,0,143000.0
10,6,2,36,5,3,47000.0
5,5,3,113,5,1,248000.0
3,6,2,60,6,2,97000.0
2,5,2,60,2,1,105000.0
7,8,4,107,2,3,110000.0
4,8,2,40,1,2,83000.0
7,6,5,90,9,3,102000.0
10,5,3,83,11,4,229000.0
10,6,3,63,8,3,81000.0
11,6,1,33,3,2,56000.0
7,4,3,65,8,3,78000.0
5,8,2,40,4,2,155000.0
5,5,3,72,3,2,265000.0
10,8,3,55,5,3,82000.0
9,8,2,55,4,2,58000.0
5,8,2,60,2,2,165000.0
3,6,3,80,2,4,85000.0
5,8,3,91,3,4,157000.0
1,6,4,90,2,2,135000.0
11,5,3,83,10,2,244000.0
5,6,3,86,8,2,190000.0
5,8,3,86,2,5,160000.0
10,8,3,72,5,2,73000.0
2,6,2,46,2,2,125000.0
4,8,3,67,5,3,82000.0
1,8,3,55,5,0,110000.0
7,8,1,37,1,4,57000.0
2,6,1,48,12,4,80000.0
11,6,3,50,1,4,65000.0
2,8,4,85,1,2,190000.0
11,6,2,55,4,4,76500.0
0,8,2,49,2,2,82000.0
10,8,2,63,1,2,85000.0
6,8,3,80,5,2,90000.0
4,8,1,32,4,3,61000.0
2,6,3,69,6,2,123000.0
7,6,2,38,5,2,170000.0
1,6,2,56,6,3,180000.0
9,8,3,76,4,3,80000.0
1,6,2,68,3,2,95000.0
11,6,5,84,8,3,90000.0
7,6,2,35,2,2,53000.0
5,6,1,41,9,5,77000.0
0,8,2,30,3,0,80000.0
7,8,3,70,5,2,93000.0
7,6,2,60,1,5,70000.0
7,8,3,52,1,2,96000.0
3,6,2,40,5,3,50000.0
1,6,2,53,2,0,88000.0
7,6,2,60,1,3,72000.0
1,6,2,48,9,4,71000.0
7,6,3,77,4,2,112000.0
11,3,3,50,2,2,125000.0
7,8,4,94,3,3,125000.0
7,6,2,65,5,5,76000.0
2,5,1,50,3,0,120000.0
2,8,3,56,5,3,105000.0
5,5,2,56,9,2,150000.0
2,5,1,45,2,0,128000.0
2,8,2,54,2,4,102000.0
10,5,2,81,11,1,133000.0
7,6,3,73,4,3,87000.0
0,6,1,44,4,4,59900.0
2,8,3,80,4,2,160000.0
2,6,3,82,3,5,155000.0
2,8,3,80,5,2,170000.0
1,6,3,86,11,2,95000.0
7,6,3,78,3,5,85000.0
7,6,1,33,1,3,51000.0
2,6,3,92,2,4,85000.0
10,8,2,61,2,4,76000.0
5,6,2,50,10,2,119000.0
3,6,2,56,6,4,85000.0
10,6,2,51,1,3,66000.0
5,8,3,80,3,4,169000.0
0,6,3,104,10,3,115000.0
2,8,2,60,2,4,75000.0
2,8,3,85,3,3,138000.0
0,6,1,38,3,2,52000.0
5,6,3,92,6,4,145000.0
10,8,2,33,2,3,46000.0
0,6,2,41,1,2,62000.0
10,8,1,36,3,3,41000.0
7,8,3,64,5,4,83000.0
11,6,1,17,2,2,35000.0
4,6,2,36,4,2,50000.0
6,6,3,80,8,3,97000.0
11,6,4,84,8,2,88000.0
2,8,3,86,3,3,250000.0
10,8,3,60,5,2,99000.0
11,6,2,62,3,3,76000.0
1,8,4,130,2,2,230000.0
4,6,4,83,1,4,82000.0
11,8,3,75,3,0,133000.0
7,8,4,65,3,2,87000.0
11,6,3,98,9,2,125000.0
4,6,1,43,3,4,65000.0
2,6,1,54,6,4,95000.0
2,8,3,80,4,4,138000.0
0,8,2,58,3,4,76500.0
5,8,1,44,4,4,150000.0
2,8,3,80,4,2,170000.0
2,4,2,72,6,2,125000.0
2,8,3,86,4,4,140000.0
3,6,3,60,6,2,97000.0
10,8,2,69,3,4,76000.0
1,6,4,110,5,5,130000.0
3,6,2,67,6,4,105000.0
11,6,2,66,1,2,97196.0
10,6,2,60,9,3,76000.0
1,6,1,42,3,5,59000.0
10,6,3,73,1,2,90000.0
6,8,3,75,4,2,85000.0
5,1,2,36,4,2,140000.0
5,8,1,33,5,4,68000.0
2,8,4,113,3,2,186000.0
3,5,2,64,3,5,100000.0
2,8,3,98,5,3,155000.0
10,6,1,41,9,3,64000.0
3,6,3,67,11,0,115000.0
10,6,2,64,9,4,71000.0
2,6,3,83,1,4,112000.0
10,8,3,68,4,2,55000.0
0,6,2,63,8,4,67000.0
5,6,3,50,12,2,116000.0
0,6,2,66,2,2,87000.0
2,6,2,63,2,4,100000.0
7,6,4,125,7,2,130000.0
11,8,1,40,1,3,43000.0
2,5,3,85,2,0,210000.0
0,8,2,50,2,5,68800.0
2,8,3,81,3,3,165000.0
2,8,3,70,2,2,158000.0
0,6,2,67,9,5,75000.0
10,8,2,67,1,4,82000.0
1,6,4,90,7,2,120000.0
1,6,3,50,4,2,71000.0
0,8,3,78,4,2,153000.0
10,8,5,130,3,4,130000.0
2,5,3,93,9,2,235000.0
7,4,2,41,10,2,63000.0
5,9,2,74,12,1,165000.0
3,6,3,73,3,2,138000.0
1,6,1,42,3,4,58000.0
11,6,1,33,2,4,49000.0
7,6,1,37,5,3,49000.0
3,6,2,40,5,3,51000.0
6,8,3,40,4,2,45000.0
1,5,3,90,3,0,205000.0
2,8,2,33,5,2,79000.0
11,6,2,35,5,2,69000.0
5,6,2,48,2,0,161000.0
2,5,2,64,16,0,200000.0
2,8,1,44,3,3,91000.0
2,6,2,68,9,5,130000.0
6,4,3,100,11,1,205000.0
5,5,2,62,8,0,265000.0
5,8,3,52,3,2,173500.0
7,6,4,77,4,3,87000.0
0,5,2,47,7,2,82000.0
0,4,2,63,15,4,76000.0
5,5,3,78,5,0,250000.0
5,5,2,57,10,0,239000.0
11,5,2,56,5,2,120000.0
7,4,3,80,13,2,100000.0
2,8,2,45,1,2,137000.0
2,4,5,125,9,5,215000.0
7,4,2,69,4,4,80000.0
5,8,3,84,3,2,160000.0
6,6,1,44,7,4,59000.0
7,6,3,80,9,0,90000.0
5,6,3,71,5,4,130000.0
5,8,3,90,2,3,225000.0
5,8,2,40,1,2,79000.0
6,8,3,75,4,2,105000.0
7,6,3,75,3,0,115000.0
1,8,1,44,5,4,61000.0
7,5,3,75,2,2,112000.0
7,6,3,80,7,2,140000.0
10,8,2,32,4,3,58000.0
2,4,4,86,3,3,140000.0
2,6,2,52,7,2,105000.0
2,8,2,55,2,3,135000.0
7,8,3,74,1,2,83000.0
7,8,3,72,2,3,98000.0
5,8,2,35,3,2,126500.0
2,8,3,84,2,4,150000.0
2,8,4,130,5,4,165000.0
4,8,1,38,4,2,70000.0
11,6,3,70,4,3,77000.0
5,6,2,73,10,5,102000.0
2,6,2,42,2,2,103000.0
0,5,2,42,1,2,70000.0
5,6,2,64,8,4,150000.0
0,6,1,42,2,4,65000.0
6,6,1,43,1,5,55000.0
10,6,2,33,8,1,33000.0
2,8,2,55,5,2,125000.0
6,4,3,85,11,2,125000.0
2,8,2,75,5,2,145000.0
6,5,4,121,3,4,210000.0
2,8,1,37,4,4,80000.0
5,6,3,103,2,2,173000.0
2,6,2,46,6,3,90000.0
7,6,2,40,8,2,62000.0
6,8,3,70,1,2,90000.0
11,6,3,68,10,2,72000.0
2,6,3,90,12,2,152000.0
5,5,1,36,5,2,115000.0
7,5,3,84,3,3,160000.0
3,4,2,71,4,5,97000.0
2,5,3,89,3,2,174000.0
2,8,1,35,3,4,90000.0
11,6,3,80,3,2,120000.0
6,6,3,100,1,5,92000.0
1,6,1,43,3,5,58000.0
10,8,3,94,5,2,190000.0
3,6,3,69,3,2,106000.0
5,8,2,50,2,0,250000.0
2,5,1,35,3,0,91000.0
2,6,3,66,4,0,145000.0
11,6,1,33,2,2,59000.0
7,5,3,92,11,1,118000.0
2,8,3,84,4,4,172000.0
2,8,3,76,4,4,119000.0
7,6,2,57,1,5,69000.0
7,6,1,37,3,2,61000.0
7,6,3,77,4,3,87000.0
2,8,2,49,4,2,99000.0
10,8,3,64,1,2,88000.0
5,4,2,93,8,2,198000.0
6,5,2,60,9,2,138000.0
4,6,3,72,2,5,75500.0
5,6,4,82,1,2,148000.0
2,8,2,80,8,1,130000.0
2,9,3,78,3,2,165000.0
10,6,3,78,1,2,130000.0
5,8,4,90,1,3,145000.0
2,5,4,96,13,4,245000.0
2,4,2,43,5,2,130000.0
2,8,3,78,4,5,135000.0
2,8,3,77,5,2,125000.0
3,8,1,54,4,4,77500.0
0,4,3,80,9,5,82000.0
3,6,3,84,14,2,165000.0
10,6,3,82,1,3,86000.0
7,6,1,40,4,3,55000.0
1,6,4,90,6,4,120000.0
7,4,2,51,3,3,68000.0
5,8,1,37,5,0,70000.0
4,8,3,75,4,4,110000.0
5,8,2,47,5,2,120000.0
1,6,3,93,8,4,100000.0
7,8,4,104,2,3,116000.0
1,8,3,73,5,2,115000.0
7,8,2,52,5,2,85000.0
3,5,3,127,2,0,244000.0
7,6,1,20,8,2,37000.0
2,6,1,51,8,5,97000.0
0,8,3,63,8,2,122500.0
2,5,3,53,1,2,90000.0
7,8,1,34,2,2,55000.0
4,8,3,76,1,2,128000.0
3,8,2,45,3,2,88000.0
6,5,2,67,2,2,135000.0
2,5,2,43,5,0,115000.0
2,8,3,82,4,4,138000.0
5,8,1,33,5,2,68000.0
1,8,1,40,2,5,60000.0
1,6,2,48,2,2,76500.0
1,6,4,90,6,2,115000.0
6,6,3,88,4,3,105000.0
11,6,3,90,8,4,100000.0
5,8,2,77,4,4,160000.0
0,5,1,45,1,2,77000.0
5,5,2,65,4,2,255000.0
0,8,3,55,4,3,70000.0
3,8,2,40,5,4,51000.0
2,8,2,42,1,2,70000.0
6,6,3,77,1,2,107000.0
7,6,3,65,3,4,88000.0
11,8,3,76,2,4,124500.0
2,8,3,78,4,2,168000.0
6,0,1,40,7,2,72500.0
6,6,2,40,7,2,72500.0
4,6,3,74,4,3,82000.0
10,8,3,55,1,2,74000.0
4,6,3,60,8,2,73000.0
11,6,3,70,1,3,92000.0
0,8,2,47,3,2,65000.0
2,6,3,66,4,2,147000.0
6,5,3,83,13,1,135000.0
11,5,3,71,1,1,129000.0
5,8,3,81,3,4,178000.0
6,8,2,56,5,3,64500.0
6,6,3,81,2,4,97000.0
8,6,4,107,9,3,100000.0
1,6,4,97,8,5,99000.0
11,6,3,80,10,3,100000.0
2,4,2,74,12,5,100000.0
2,8,1,43,3,5,85000.0
6,6,3,74,1,3,95000.0
10,8,1,35,4,2,48000.0
6,5,2,55,6,5,65656.0
1,6,2,33,2,2,56000.0
7,6,3,77,7,4,87000.0
7,6,2,36,4,2,61000.0
5,8,2,44,1,2,87000.0
5,4,3,80,16,4,160000.0
10,8,1,21,7,3,45500.0
6,6,4,90,1,2,95000.0
6,6,2,63,5,5,77500.0
10,8,2,32,4,2,58000.0
4,6,3,80,3,0,95000.0
1,4,2,64,7,5,79000.0
3,6,3,72,2,5,117000.0
3,5,2,68,5,1,102987.0
7,8,3,124,5,3,105000.0
2,5,2,60,6,2,121009.0
2,6,3,87,2,3,145000.0
11,8,3,80,5,5,95000.0
5,8,3,80,3,4,170000.0
7,6,2,76,10,4,86000.0
2,8,4,78,1,3,126000.0
2,8,2,50,2,2,100000.0
6,5,2,67,7,1,91426.0
6,6,2,68,10,4,95000.0
6,6,2,54,2,2,75500.0
5,8,2,42,2,2,125000.0
6,5,2,54,15,1,95000.0
6,6,3,81,8,5,83000.0
5,4,3,88,14,2,127000.0
6,6,1,43,5,3,65000.0
11,3,1,43,4,3,61000.0
10,8,2,56,1,2,200000.0
6,5,2,57,6,2,150000.0
0,6,3,65,16,2,96000.0
11,6,5,115,2,5,97000.0
11,6,3,58,7,5,82000.0
1,6,4,80,7,3,99000.0
7,6,2,53,4,4,70000.0
2,8,3,96,2,2,245000.0
7,6,1,35,8,4,52000.0
0,6,1,42,4,5,61000.0
7,6,2,52,4,4,73000.0
7,5,3,68,6,1,110000.0
3,6,2,73,1,4,125000.0
2,8,2,56,3,2,130000.0
5,6,1,54,7,4,125000.0
10,8,3,58,5,3,83000.0
7,5,3,81,5,1,100000.0
7,6,4,94,5,2,102000.0
7,8,3,67,4,2,93000.0
0,6,3,94,11,4,80000.0
11,5,2,84,4,3,165000.0
10,8,2,48,3,4,57000.0
6,6,2,68,2,4,76500.0
6,8,3,65,1,2,76500.0
7,6,4,98,8,2,88000.0
6,4,2,70,7,5,86000.0
2,8,2,65,5,0,120000.0
5,6,1,40,8,2,80000.0
5,6,3,52,1,3,122000.0
4,6,2,36,4,2,70000.0
4,8,1,31,5,4,59000.0
11,5,2,64,16,2,183000.0
6,8,1,36,1,4,61500.0
0,4,2,60,14,5,86000.0
5,8,2,60,1,2,100000.0
2,8,2,62,2,0,155000.0
3,6,3,96,6,2,145000.0
5,8,2,70,2,5,205000.0
5,6,1,41,11,4,87000.0
4,6,1,42,8,4,61000.0
2,8,2,46,7,4,70000.0
2,5,2,70,14,1,143000.0
5,8,1,38,4,2,120000.0
0,6,3,87,15,4,74000.0
2,8,1,47,3,5,89000.0
3,6,1,57,6,3,87000.0
4,8,3,58,5,3,89000.0
11,6,1,32,2,2,47000.0
5,6,2,46,6,5,87000.0
2,4,2,55,8,2,133000.0
6,5,2,76,7,2,255000.0
3,6,3,97,16,0,165000.0
2,6,4,120,13,2,250000.0
10,8,4,98,2,2,100000.0
3,5,3,82,3,2,173500.0
2,8,1,42,4,5,70000.0
2,8,1,38,5,5,75000.0
10,8,1,28,1,3,60000.0
6,4,3,87,12,3,96000.0
0,6,3,98,16,2,102000.0
6,8,1,44,5,3,58000.0
0,6,3,83,5,4,88000.0
2,8,2,50,4,2,89000.0
2,4,2,46,5,2,89000.0
7,6,1,33,3,2,60000.0
5,6,3,80,8,4,200000.0
7,8,3,78,3,4,98000.0
3,6,2,70,9,4,94000.0
7,8,3,65,1,4,86000.0
1,6,3,86,15,4,82000.0
2,8,3,77,2,4,137000.0
9,8,3,80,5,2,78000.0
4,8,4,78,1,3,90000.0
11,8,2,50,2,4,92000.0
5,8,3,77,2,2,150000.0
10,8,3,81,1,5,66000.0
3,6,2,65,8,4,75000.0
1,4,3,60,11,2,85000.0
1,4,3,48,9,3,64000.0
0,5,1,47,10,2,85000.0
5,4,2,62,11,2,140000.0
4,8,1,31,5,5,54000.0
6,6,4,96,8,2,117000.0
2,5,1,35,12,1,63000.0
2,8,3,71,4,1,92000.0
0,8,1,30,2,5,52000.0
5,8,2,60,4,2,250000.0
3,6,2,54,2,2,83000.0
7,8,3,75,5,5,88000.0
0,6,3,93,8,4,105000.0
4,6,2,40,9,2,75000.0
10,8,2,95,3,5,89000.0
11,8,1,42,4,5,74000.0
3,5,2,95,3,4,110000.0
0,5,2,53,10,1,75000.0
5,5,1,37,3,2,92000.0
11,5,2,60,3,1,118000.0
5,5,2,61,9,2,180000.0
10,8,3,90,4,2,125000.0
11,8,1,35,4,4,67000.0
0,6,2,64,15,4,71500.0
5,5,2,40,2,0,74000.0
2,8,3,76,5,4,135000.0
8,6,4,84,5,3,128000.0
0,8,3,76,3,5,92000.0
5,5,2,56,2,1,125000.0
6,6,2,58,8,0,100000.0
2,6,3,100,15,5,210000.0
2,8,1,35,4,4,77000.0
5,6,3,58,4,2,250000.0
2,8,2,72,3,5,126000.0
10,8,1,42,4,5,63000.0
5,8,2,50,1,2,80000.0
1,6,4,113,9,3,125000.0
6,6,4,88,5,4,97000.0
0,6,3,80,6,5,87000.0
5,6,2,66,11,5,155000.0
3,5,3,110,14,1,158500.0
0,6,4,104,8,2,117000.0
2,6,2,63,4,4,144181.0
11,6,1,30,1,2,55000.0
7,8,1,49,3,4,63000.0
11,8,2,64,3,5,95000.0
1,6,2,67,4,4,85000.0
1,6,4,113,9,2,120000.0
7,6,1,47,8,4,60000.0
0,6,3,80,6,3,87000.0
10,8,3,82,5,5,75000.0
7,6,2,67,2,2,91000.0
7,5,4,94,4,2,228000.0
3,6,1,50,14,2,68000.0
7,6,2,35,1,2,52000.0
0,6,3,60,16,5,70000.0
2,5,3,80,4,1,160000.0
2,6,2,68,4,5,109000.0
2,6,1,43,5,4,84500.0
6,4,2,54,8,0,137000.0
5,6,3,87,5,2,155000.0
2,8,2,41,5,4,77500.0
4,6,2,44,9,4,90000.0
7,8,3,78,4,0,150000.0
2,6,3,98,8,2,178000.0
0,6,2,63,2,4,87000.0
2,5,3,87,16,1,147000.0
6,6,3,65,9,2,86000.0
7,4,2,64,4,4,78000.0
5,8,3,85,1,4,180000.0
2,6,5,79,1,3,125000.0
2,8,3,92,2,5,184000.0
6,6,3,74,1,5,92000.0
11,6,3,80,2,2,135000.0
5,8,1,40,4,0,152000.0
4,6,1,44,9,4,90000.0
2,6,1,43,6,0,93000.0
5,8,2,62,2,2,189000.0
11,5,2,71,3,2,155000.0
5,5,3,94,13,2,194000.0
5,6,2,72,5,2,175000.0
4,8,3,42,5,2,70000.0
0,6,2,53,4,4,82000.0
5,5,2,46,3,0,148000.0
5,6,4,84,7,5,142000.0
4,8,2,52,2,3,83000.0
